symbol,window,test_start,test_end,n_rows,model_pct,bh_pct,excess_pct,n_buy,n_close,n_skip,model_file
AAPL,60,2024-01-02,2026-03-30,562,40.2202,32.711,7.5092,157,19,375,AAPL_all_60.data
AAPL,65,2024-01-02,2026-03-30,562,79.5151,32.711,46.8041,79,132,340,AAPL_all_65.data
AAPL,75,2024-01-02,2026-03-30,562,81.3577,32.711,48.6467,222,119,210,AAPL_all_75.data
AMGN,60,2024-01-02,2026-03-30,562,15.5916,29.6843,-14.0927,168,156,227,AMGN_all_60.data
AMGN,65,2024-01-02,2026-03-30,562,47.2452,29.6843,17.5609,174,78,299,AMGN_all_65.data
AMGN,75,2024-01-02,2026-03-30,562,98.5533,29.6843,68.869,235,186,130,AMGN_all_75.data
AMZN,60,2024-01-02,2026-03-30,562,38.2844,32.1653,6.1192,109,160,282,AMZN_all_60.data
AMZN,65,2024-01-02,2026-03-30,562,62.2768,32.1653,30.1116,241,125,185,AMZN_all_65.data
AMZN,75,2024-01-02,2026-03-30,562,108.596,32.1653,76.4308,133,119,299,AMZN_all_75.data
AXP,60,2024-01-02,2026-03-30,562,58.487,63.0922,-4.6051,192,220,139,AXP_all_60.data
AXP,65,2024-01-02,2026-03-30,562,69.2995,63.0922,6.2073,149,92,310,AXP_all_65.data
AXP,75,2024-01-02,2026-03-30,562,89.6018,63.0922,26.5096,130,239,182,AXP_all_75.data
BA,60,2024-01-02,2026-03-30,562,51.1587,-26.8976,78.0563,25,114,412,BA_all_60.data
BA,65,2024-01-02,2026-03-30,562,44.6115,-26.8976,71.509,419,115,17,BA_all_65.data
BA,75,2024-01-02,2026-03-30,562,94.6743,-26.8976,121.5719,96,131,324,BA_all_75.data
CAT,60,2024-01-02,2026-03-30,562,100.5703,134.705,-34.1347,551,0,0,CAT_all_60.data
CAT,65,2024-01-02,2026-03-30,562,105.9266,134.705,-28.7784,255,163,133,CAT_all_65.data
CAT,75,2024-01-02,2026-03-30,562,135.7004,134.705,0.9954,183,28,340,CAT_all_75.data
CRM,60,2024-01-02,2026-03-30,562,0.0,-28.5592,28.5592,0,359,192,CRM_all_60.data
CRM,65,2024-01-02,2026-03-30,562,35.6491,-28.5592,64.2083,50,210,291,CRM_all_65.data
CRM,75,2024-01-02,2026-03-30,562,100.7207,-28.5592,129.2799,126,216,209,CRM_all_75.data
CSCO,60,2024-01-02,2026-03-30,562,58.4561,62.0391,-3.583,295,74,182,CSCO_all_60.data
CSCO,65,2024-01-02,2026-03-30,562,60.3042,62.0391,-1.7349,348,90,113,CSCO_all_65.data
CSCO,75,2024-01-02,2026-03-30,562,62.3676,62.0391,0.3285,237,59,255,CSCO_all_75.data
CVX,60,2024-01-02,2026-03-30,562,45.0189,54.3876,-9.3687,391,120,40,CVX_all_60.data
CVX,65,2024-01-02,2026-03-30,562,85.0246,54.3876,30.6369,267,193,91,CVX_all_65.data
CVX,75,2024-01-02,2026-03-30,562,95.3049,54.3876,40.9173,177,143,231,CVX_all_75.data
DIS,60,2024-01-02,2026-03-30,562,37.4787,6.3608,31.1179,197,98,256,DIS_all_60.data
DIS,65,2024-01-02,2026-03-30,562,66.5598,6.3608,60.1989,164,174,213,DIS_all_65.data
DIS,75,2024-01-02,2026-03-30,562,90.123,6.3608,83.7621,71,37,443,DIS_all_75.data
GS,60,2024-01-02,2026-03-30,562,58.0805,121.0969,-63.0164,309,67,175,GS_all_60.data
GS,65,2024-01-02,2026-03-30,562,78.9323,121.0969,-42.1646,225,154,172,GS_all_65.data
GS,75,2024-01-02,2026-03-30,562,122.909,121.0969,1.8122,107,200,244,GS_all_75.data
HD,60,2024-01-02,2026-03-30,562,37.1749,-1.0944,38.2693,171,91,289,HD_all_60.data
HD,65,2024-01-02,2026-03-30,562,34.6954,-1.0944,35.7898,34,141,376,HD_all_65.data
HD,75,2024-01-02,2026-03-30,562,63.3764,-1.0944,64.4708,265,110,176,HD_all_75.data
HON,60,2024-01-02,2026-03-30,562,25.5681,18.631,6.9372,191,31,329,HON_all_60.data
HON,65,2024-01-02,2026-03-30,562,33.9663,18.631,15.3354,98,223,230,HON_all_65.data
HON,75,2024-01-02,2026-03-30,562,67.7011,18.631,49.0701,86,86,379,HON_all_75.data
IBM,60,2024-01-02,2026-03-30,562,47.0491,55.315,-8.266,288,126,137,IBM_all_60.data
IBM,65,2024-01-02,2026-03-30,562,60.5187,55.315,5.2036,239,84,228,IBM_all_65.data
IBM,75,2024-01-02,2026-03-30,562,119.2344,55.315,63.9193,123,177,251,IBM_all_75.data
JNJ,60,2024-01-02,2026-03-30,562,39.9306,64.7263,-24.7957,239,173,139,JNJ_all_60.data
JNJ,65,2024-01-02,2026-03-30,562,51.233,64.7263,-13.4933,551,0,0,JNJ_all_65.data
JNJ,75,2024-01-02,2026-03-30,562,51.233,64.7263,-13.4933,551,0,0,JNJ_all_75.data
JPM,60,2024-01-02,2026-03-30,562,87.8468,75.8183,12.0286,439,67,45,JPM_all_60.data
JPM,65,2024-01-02,2026-03-30,562,89.8577,75.8183,14.0394,237,195,119,JPM_all_65.data
JPM,75,2024-01-02,2026-03-30,562,100.5134,75.8183,24.6951,61,146,344,JPM_all_75.data
KO,60,2024-01-02,2026-03-30,562,33.1801,38.1225,-4.9424,506,0,45,KO_all_60.data
KO,65,2024-01-02,2026-03-30,562,28.1686,38.1225,-9.9539,83,50,418,KO_all_65.data
KO,75,2024-01-02,2026-03-30,562,53.5278,38.1225,15.4054,188,81,282,KO_all_75.data
MCD,60,2024-01-02,2026-03-30,562,18.0965,9.7732,8.3233,192,92,267,MCD_all_60.data
MCD,65,2024-01-02,2026-03-30,562,36.6872,9.7732,26.914,115,207,229,MCD_all_65.data
MCD,75,2024-01-02,2026-03-30,562,53.2374,9.7732,43.4642,154,261,136,MCD_all_75.data
MMM,60,2024-01-02,2026-03-30,562,69.1195,65.7341,3.3854,310,54,187,MMM_all_60.data
MMM,65,2024-01-02,2026-03-30,562,52.2443,65.7341,-13.4897,252,172,127,MMM_all_65.data
MMM,75,2024-01-02,2026-03-30,562,113.0466,65.7341,47.3126,148,152,251,MMM_all_75.data
MRK,60,2024-01-02,2026-03-30,562,38.624,15.7353,22.8887,159,124,268,MRK_all_60.data
MRK,65,2024-01-02,2026-03-30,562,59.5692,15.7353,43.8339,105,202,244,MRK_all_65.data
MRK,75,2024-01-02,2026-03-30,562,65.9963,15.7353,50.261,249,164,138,MRK_all_75.data
MSFT,60,2024-01-02,2026-03-30,562,23.6058,-2.7715,26.3773,190,75,286,MSFT_all_60.data
MSFT,65,2024-01-02,2026-03-30,562,22.271,-2.7715,25.0424,149,134,268,MSFT_all_65.data
MSFT,75,2024-01-02,2026-03-30,562,69.7303,-2.7715,72.5017,156,103,292,MSFT_all_75.data
NKE,60,2024-01-02,2026-03-30,562,0.7783,-50.54,51.3183,296,150,105,NKE_all_60.data
NKE,65,2024-01-02,2026-03-30,562,41.4599,-50.54,92.0,137,188,226,NKE_all_65.data
NKE,75,2024-01-02,2026-03-30,562,87.0679,-50.54,137.6079,164,252,135,NKE_all_75.data
NVDA,60,2024-01-02,2026-03-30,562,118.4259,235.1765,-116.7505,162,176,213,NVDA_all_60.data
NVDA,65,2024-01-02,2026-03-30,562,143.4178,235.1765,-91.7586,263,196,92,NVDA_all_65.data
NVDA,75,2024-01-02,2026-03-30,562,253.1491,235.1765,17.9726,243,226,82,NVDA_all_75.data
PG,60,2024-01-02,2026-03-30,562,12.5549,4.3171,8.2378,200,187,164,PG_all_60.data
PG,65,2024-01-02,2026-03-30,562,23.2115,4.3171,18.8944,175,157,219,PG_all_65.data
PG,75,2024-01-02,2026-03-30,562,48.2296,4.3171,43.9125,77,178,296,PG_all_75.data
SHW,60,2024-01-02,2026-03-30,562,20.5486,5.3038,15.2448,120,106,325,SHW_all_60.data
SHW,65,2024-01-02,2026-03-30,562,49.6104,5.3038,44.3066,118,181,252,SHW_all_65.data
SHW,75,2024-01-02,2026-03-30,562,61.6879,5.3038,56.3841,157,268,126,SHW_all_75.data
TRV,60,2024-01-02,2026-03-30,562,52.9498,58.9047,-5.9549,201,142,208,TRV_all_60.data
TRV,65,2024-01-02,2026-03-30,562,44.9142,58.9047,-13.9905,174,166,211,TRV_all_65.data
TRV,75,2024-01-02,2026-03-30,562,86.5182,58.9047,27.6135,165,268,118,TRV_all_75.data
UNH,60,2024-01-02,2026-03-30,562,45.6076,-48.3265,93.9341,244,275,32,UNH_all_60.data
UNH,65,2024-01-02,2026-03-30,562,91.5949,-48.3265,139.9214,80,136,335,UNH_all_65.data
UNH,75,2024-01-02,2026-03-30,562,103.0542,-48.3265,151.3807,98,60,393,UNH_all_75.data
V,60,2024-01-02,2026-03-30,562,6.9388,16.8899,-9.9511,252,9,290,V_all_60.data
V,65,2024-01-02,2026-03-30,562,49.3286,16.8899,32.4387,310,86,155,V_all_65.data
V,75,2024-01-02,2026-03-30,562,41.5908,16.8899,24.7009,283,131,137,V_all_75.data
VZ,60,2024-01-02,2026-03-30,562,57.3199,54.1865,3.1334,12,58,481,VZ_all_60.data
VZ,65,2024-01-02,2026-03-30,562,61.6516,54.1865,7.465,255,149,147,VZ_all_65.data
VZ,75,2024-01-02,2026-03-30,562,74.278,54.1865,20.0915,272,94,185,VZ_all_75.data
WMT,60,2024-01-02,2026-03-30,562,72.2231,140.7725,-68.5494,208,117,226,WMT_all_60.data
WMT,65,2024-01-02,2026-03-30,562,82.1326,140.7725,-58.6399,187,201,163,WMT_all_65.data
WMT,75,2024-01-02,2026-03-30,562,99.7971,140.7725,-40.9754,349,143,59,WMT_all_75.data
