date,1101.TW,1216.TW,1301.TW,1303.TW,1326.TW,2002.TW,2207.TW,2301.TW,2303.TW,2308.TW,2317.TW,2327.TW,2330.TW,2345.TW,2357.TW,2379.TW,2382.TW,2395.TW,2408.TW,2412.TW,2454.TW,2603.TW,2801.TW,2880.TW,2881.TW,2882.TW,2883.TW,2884.TW,2885.TW,2886.TW,2887.TW,2890.TW,2891.TW,2892.TW,2912.TW,3008.TW,3034.TW,3037.TW,3045.TW,3231.TW,3711.TW,5880.TW,6505.TW,9910.TW
2024-01-02,53,0,57,46,100,21,0,20,24,82,0,0,0,100,0,100,0,5,0,0,0,41,3,0,100,0,24,0,18,0,90,22,0,0,0,0,0,0,14,63,0,0,24,20
2024-01-03,53,0,57,46,100,21,0,20,24,82,0,0,0,100,0,100,0,5,0,0,0,41,3,0,100,0,24,0,18,0,90,22,0,0,0,0,0,0,14,63,0,0,24,20
2024-01-04,53,0,57,46,100,21,0,20,24,82,0,0,0,100,0,100,0,5,0,0,0,41,3,0,100,0,24,0,18,0,90,22,0,0,0,0,0,0,14,63,0,0,24,20
2024-01-05,53,0,57,46,100,21,0,20,24,82,0,0,0,100,0,100,0,5,0,0,0,41,3,0,100,0,24,0,18,0,90,22,0,0,0,0,0,0,14,63,0,0,24,20
2024-01-08,53,0,57,46,100,21,0,20,24,82,0,0,0,100,0,100,0,5,0,0,0,41,3,0,100,0,24,0,18,0,90,22,0,0,0,0,0,0,14,63,0,0,24,20
2024-01-09,53,0,57,46,100,21,0,20,24,82,0,0,0,100,0,100,0,5,0,0,0,41,3,0,100,0,24,0,18,0,90,22,0,0,0,0,0,0,14,63,0,0,24,20
2024-01-10,0,0,0,0,0,0,0,-20,0,0,0,0,0,97,0,0,0,0,0,0,0,0,0,0,2,0,2,0,-41,0,0,0,0,0,0,0,0,0,-23,0,0,0,0,0
2024-01-11,0,0,-86,0,-16,0,0,-94,0,70,0,100,0,100,0,-98,0,0,0,0,0,0,0,0,0,0,22,0,-67,0,-82,0,0,0,0,0,0,0,-61,-79,0,0,0,-54
2024-01-12,0,0,-86,0,-16,0,0,-6,0,16,0,100,0,100,0,-98,0,0,0,0,0,0,0,0,0,0,25,0,0,0,-82,0,0,0,0,0,0,0,0,-79,0,0,0,-54
2024-01-15,0,0,-84,0,-25,0,0,0,0,0,0,92,0,100,0,-100,0,0,0,0,0,0,0,0,0,0,7,0,0,0,-92,0,0,0,0,0,0,0,0,-84,0,0,0,-12
2024-01-16,0,0,-86,0,-30,0,0,0,0,0,0,72,0,100,0,-100,0,0,0,0,0,0,0,0,0,0,6,0,0,0,-91,0,0,0,0,0,0,0,0,-75,0,0,0,0
2024-01-17,0,0,0,0,-15,0,0,0,0,0,0,2,0,88,0,-90,0,0,0,0,0,0,0,0,0,0,1,0,0,0,-75,0,0,0,0,0,0,0,0,-59,0,0,0,0
2024-01-18,0,0,0,0,-30,0,0,0,0,0,0,1,0,89,0,-100,0,0,0,0,0,0,0,0,0,0,1,0,0,0,-91,0,0,0,0,0,0,0,0,-2,0,0,0,0
2024-01-19,0,0,0,0,-30,0,0,0,0,0,0,3,0,15,0,-14,0,0,0,0,0,0,0,0,0,0,4,0,0,0,-27,0,0,0,0,0,0,0,0,0,0,0,0,0
2024-01-22,0,0,0,0,-30,0,0,0,0,0,0,0,0,3,0,0,0,0,0,0,0,0,0,0,0,0,1,0,0,0,0,0,0,0,0,0,0,0,0,0,0,0,0,0
2024-01-23,0,0,0,0,-30,0,0,0,0,0,0,0,0,3,0,0,0,0,0,0,0,0,0,0,0,0,6,0,0,0,0,0,0,0,0,0,0,0,0,0,0,0,0,0
2024-01-24,0,0,0,0,-19,0,0,0,0,0,0,0,0,2,0,0,0,0,0,0,0,0,0,0,0,0,1,0,0,0,0,0,0,0,0,0,0,0,0,0,0,0,0,0
2024-01-25,0,0,0,0,-14,0,0,0,0,0,0,2,0,1,0,0,0,0,0,0,0,0,0,0,0,0,4,0,0,0,0,0,0,0,0,0,0,0,0,0,0,0,0,0
2024-01-26,0,0,0,0,-14,0,0,0,0,0,0,2,0,1,0,0,0,0,0,0,0,0,0,0,0,0,5,0,0,0,0,0,0,0,0,0,0,0,0,0,0,0,0,0
2024-01-29,0,0,0,0,-19,0,0,0,0,0,0,0,0,2,0,0,0,0,0,0,0,0,0,0,0,0,3,0,0,0,0,0,0,0,0,0,0,0,0,0,0,0,0,0
2024-01-30,0,0,0,0,-19,0,0,0,0,0,0,0,0,2,0,0,0,0,0,0,0,0,0,0,0,0,3,0,0,0,0,0,0,0,0,0,0,0,0,0,0,0,0,0
2024-01-31,0,0,0,0,-24,0,0,0,0,0,0,2,0,2,0,0,0,0,0,0,0,0,0,0,0,0,4,0,0,0,0,0,0,0,0,0,0,0,0,0,0,0,0,0
2024-02-01,0,0,0,0,-20,0,0,0,0,0,0,0,0,2,0,0,0,0,0,0,0,0,0,0,0,0,4,0,0,0,0,0,0,0,0,0,0,0,0,0,0,0,0,0
2024-02-02,0,0,0,0,-24,0,0,0,0,0,0,2,0,2,0,0,0,0,0,0,0,0,0,0,0,0,1,0,0,0,0,0,0,0,0,0,0,0,0,0,0,0,0,0
2024-02-05,0,0,0,0,-24,0,0,0,0,0,0,2,0,2,0,0,0,0,0,0,0,0,0,0,0,0,2,0,0,0,0,0,0,0,0,0,0,0,0,0,0,0,0,0
2024-02-15,0,0,0,0,-17,0,0,0,0,0,0,3,0,1,0,0,0,0,0,0,0,0,0,0,0,0,6,0,0,0,0,0,0,0,0,0,0,0,0,0,0,0,0,0
2024-02-16,0,0,0,0,-24,0,0,0,0,0,0,2,0,2,0,0,0,0,0,0,0,0,0,0,0,0,1,0,0,0,0,0,0,0,0,0,0,0,0,0,0,0,0,0
2024-02-19,0,0,0,0,-24,0,0,0,0,0,0,2,0,2,0,0,0,0,0,0,0,0,0,0,0,0,1,0,0,0,0,0,0,0,0,0,0,0,0,0,0,0,0,0
2024-02-20,0,0,0,0,-20,0,0,0,0,0,0,0,0,2,0,0,0,0,0,0,0,0,0,0,0,0,0,0,0,0,0,0,0,0,0,0,0,0,0,0,0,0,0,0
2024-02-21,0,0,0,0,-20,0,0,0,0,0,0,0,0,2,0,0,0,0,0,0,0,0,0,0,0,0,3,0,0,0,0,0,0,0,0,0,0,0,0,0,0,0,0,0
2024-02-22,0,0,0,0,-20,0,0,0,0,0,0,0,0,2,0,0,0,0,0,0,0,0,0,0,0,0,3,0,0,0,0,0,0,0,0,0,0,0,0,0,0,0,0,0
2024-02-23,0,0,0,0,-20,0,0,0,0,0,0,0,0,2,0,0,0,0,0,0,0,0,0,0,0,0,4,0,0,0,0,0,0,0,0,0,0,0,0,0,0,0,0,0
2024-02-26,0,0,0,0,-20,0,0,0,0,0,0,0,0,2,0,0,0,0,0,0,0,0,0,0,0,0,6,0,0,0,0,0,0,0,0,0,0,0,0,0,0,0,0,0
2024-02-27,0,0,0,0,-20,0,0,0,0,0,0,0,0,2,0,0,0,0,0,0,0,0,0,0,0,0,8,0,0,0,0,0,0,0,0,0,0,0,0,0,0,0,0,0
2024-02-29,0,0,0,0,-16,0,0,0,0,0,0,3,0,1,0,0,0,0,0,0,0,0,0,0,0,0,3,0,0,0,0,0,0,0,0,0,0,0,0,0,0,0,0,0
2024-03-01,0,0,0,0,0,0,0,0,0,0,0,0,0,0,0,0,0,0,0,0,0,0,0,0,0,0,0,0,0,0,0,0,0,0,0,0,0,0,0,0,0,0,0,0
2024-03-04,0,0,0,0,0,0,0,0,0,0,0,0,0,0,0,0,0,0,0,0,0,0,0,0,0,0,0,0,0,0,0,0,0,0,0,0,0,0,0,0,0,0,0,0
2024-03-05,0,0,0,0,0,0,0,0,0,0,0,0,0,0,0,0,0,0,0,0,0,0,0,0,0,0,0,0,0,0,0,0,0,0,0,0,0,0,0,0,0,0,0,0
2024-03-06,0,0,0,0,0,0,0,0,0,0,0,0,0,0,0,0,0,0,0,0,0,0,0,0,0,0,0,0,0,0,0,0,0,0,0,0,0,0,0,0,0,0,0,0
2024-03-07,0,0,0,0,0,0,0,0,0,0,0,0,0,0,0,0,0,0,0,0,0,0,0,0,0,0,0,0,0,0,0,0,0,0,0,0,0,0,0,0,0,0,0,0
2024-03-08,0,0,0,0,0,0,0,0,0,0,0,0,0,0,0,0,0,0,0,0,0,0,0,0,0,0,0,0,0,0,0,0,0,0,0,0,0,0,0,0,0,0,0,0
2024-03-11,0,0,0,0,0,0,0,0,0,0,0,0,0,0,0,0,0,0,0,0,0,0,0,0,0,0,0,0,0,0,0,0,0,0,0,0,0,0,0,0,0,0,0,0
2024-03-12,0,0,0,0,0,0,0,0,0,0,0,0,0,0,0,0,0,0,0,0,0,0,0,0,0,0,0,0,0,0,0,0,0,0,0,0,0,0,0,0,0,0,0,0
2024-03-13,0,0,0,0,0,0,0,0,0,0,0,0,0,0,0,0,0,0,0,0,0,0,0,0,0,0,0,0,0,0,0,0,0,0,0,0,0,0,0,0,0,0,0,0
2024-03-14,0,0,0,0,0,0,0,0,0,0,0,0,0,0,0,0,0,0,0,0,0,0,0,0,0,0,0,0,0,0,0,0,0,0,0,0,0,0,0,0,0,0,0,0
2024-03-15,-318,0,0,-276,0,-126,0,0,-144,-578,0,-390,0,-1329,0,0,0,-30,0,0,0,-246,-18,0,-602,0,-281,0,0,0,0,-132,0,0,0,0,0,0,0,0,0,0,-144,0
2024-03-18,0,0,0,0,0,0,0,0,0,0,0,0,0,0,0,0,0,0,0,0,0,0,0,0,0,0,0,0,0,0,0,0,0,0,0,0,0,0,0,0,0,0,0,0
2024-03-19,53,0,57,46,100,21,0,20,24,82,0,0,0,100,0,100,0,5,0,0,0,41,3,0,100,0,24,0,18,0,90,22,0,0,0,0,0,0,14,63,0,0,24,20
2024-03-20,53,0,57,46,100,21,0,20,24,82,0,0,0,100,0,100,0,5,0,0,0,41,3,0,100,0,24,0,18,0,90,22,0,0,0,0,0,0,14,63,0,0,24,20
2024-03-21,53,0,57,46,100,21,0,20,24,82,0,0,0,100,0,100,0,5,0,0,0,41,3,0,100,0,24,0,18,0,90,22,0,0,0,0,0,0,14,63,0,0,24,20
2024-03-22,53,0,57,46,100,21,0,20,24,82,0,0,0,100,0,100,0,5,0,0,0,41,3,0,100,0,24,0,18,0,90,22,0,0,0,0,0,0,14,63,0,0,24,20
2024-03-25,53,0,57,46,100,21,0,20,24,82,0,0,0,100,0,100,0,5,0,0,0,41,3,0,100,0,24,0,18,0,90,22,0,0,0,0,0,0,14,63,0,0,24,20
2024-03-26,1,0,0,0,4,-7,0,-3,0,62,0,0,0,100,0,0,0,0,0,0,0,0,0,0,0,0,0,0,-11,0,0,0,0,0,0,0,0,0,-7,0,0,0,0,0
2024-03-27,0,63,-78,0,-26,0,0,-97,0,100,0,100,0,100,0,-93,0,0,0,0,0,0,1,0,0,0,100,0,-79,0,-100,0,0,0,0,0,0,0,-63,-95,0,0,0,-56
2024-03-28,0,0,-76,0,-13,0,0,0,0,44,0,100,0,100,0,-94,0,0,0,0,0,0,0,0,0,0,4,0,0,0,-91,0,0,0,0,0,0,0,0,-79,0,0,0,-44
2024-03-29,0,0,-76,0,-13,0,0,0,0,24,0,100,0,100,0,-94,0,0,0,0,0,0,0,0,0,0,20,0,0,0,-91,0,0,0,0,0,0,0,0,-79,0,0,0,0
2024-04-01,0,0,-55,0,-13,0,0,0,0,14,0,100,0,100,0,-94,0,0,0,0,0,0,0,0,0,0,3,0,0,0,-91,0,0,0,0,0,0,0,0,-62,0,0,0,0
2024-04-02,0,0,0,0,-17,0,0,0,0,0,0,41,0,100,0,-90,0,0,0,0,0,0,0,0,0,0,0,0,0,0,-77,0,0,0,0,0,0,0,0,0,0,0,0,0
2024-04-03,0,0,0,0,-17,0,0,0,0,0,0,0,0,43,0,-35,0,0,0,0,0,0,0,0,0,0,5,0,0,0,0,0,0,0,0,0,0,0,0,0,0,0,0,0
2024-04-08,0,0,0,0,-17,0,0,0,0,0,0,3,0,1,0,0,0,0,0,0,0,0,0,0,0,0,6,0,0,0,0,0,0,0,0,0,0,0,0,0,0,0,0,0
2024-04-09,0,0,0,0,-17,0,0,0,0,0,0,0,0,2,0,0,0,0,0,0,0,0,0,0,0,0,0,0,0,0,0,0,0,0,0,0,0,0,0,0,0,0,0,0
2024-04-10,0,0,0,0,-23,0,0,0,0,0,0,2,0,2,0,0,0,0,0,0,0,0,0,0,0,0,5,0,0,0,0,0,0,0,0,0,0,0,0,0,0,0,0,0
2024-04-11,0,0,0,0,-24,0,0,0,0,0,0,2,0,2,0,0,0,0,0,0,0,0,0,0,0,0,8,0,0,0,0,0,0,0,0,0,0,0,0,0,0,0,0,0
2024-04-12,0,0,0,0,-24,0,0,0,0,0,0,3,0,2,0,0,0,0,0,0,0,0,0,0,0,0,1,0,0,0,0,0,0,0,0,0,0,0,0,0,0,0,0,0
2024-04-15,0,0,0,0,-20,0,0,0,0,0,0,1,0,2,0,0,0,0,0,0,0,0,0,0,0,0,7,0,0,0,0,0,0,0,0,0,0,0,0,0,0,0,0,0
2024-04-16,0,0,0,0,-7,0,0,0,0,0,0,3,0,0,0,0,0,0,0,0,0,0,0,0,0,0,2,0,0,0,0,0,0,0,0,0,0,0,0,0,0,0,0,0
2024-04-17,0,0,0,0,-8,0,0,0,0,0,0,0,0,1,0,0,0,0,0,0,0,0,0,0,0,0,1,0,0,0,0,0,0,0,0,0,0,0,0,0,0,0,0,0
2024-04-18,0,0,0,0,-19,0,0,0,0,0,0,1,0,2,0,0,0,0,0,0,0,0,0,0,0,0,4,0,0,0,0,0,0,0,0,0,0,0,0,0,0,0,0,0
2024-04-19,0,0,0,0,-15,0,0,0,0,0,0,3,0,1,0,0,0,0,0,0,0,0,0,0,0,0,1,0,0,0,0,0,0,0,0,0,0,0,0,0,0,0,0,0
2024-04-22,0,0,0,0,-19,0,0,0,0,0,0,2,0,2,0,0,0,0,0,0,0,0,0,0,0,0,1,0,0,0,0,0,0,0,0,0,0,0,0,0,0,0,0,0
2024-04-23,0,0,0,0,-7,0,0,0,0,0,0,3,0,0,0,0,0,0,0,0,0,0,0,0,0,0,1,0,0,0,0,0,0,0,0,0,0,0,0,0,0,0,0,0
2024-04-24,0,0,0,0,-19,0,0,0,0,0,0,1,0,2,0,0,0,0,0,0,0,0,0,0,0,0,5,0,0,0,0,0,0,0,0,0,0,0,0,0,0,0,0,0
2024-04-25,0,0,0,0,-7,0,0,0,0,0,0,3,0,0,0,0,0,0,0,0,0,0,0,0,0,0,0,0,0,0,0,0,0,0,0,0,0,0,0,0,0,0,0,0
2024-04-26,0,0,0,0,-7,0,0,0,0,0,0,3,0,0,0,0,0,0,0,0,0,0,0,0,0,0,0,0,0,0,0,0,0,0,0,0,0,0,0,0,0,0,0,0
2024-04-29,-266,-63,0,-230,-172,-98,0,0,-120,-654,0,-471,0,-1162,0,0,0,-25,0,0,0,-205,-16,0,-500,0,-294,0,0,0,0,-110,0,0,0,0,0,0,0,0,0,0,-120,0
2024-04-30,53,0,57,46,100,21,0,20,24,82,0,0,0,100,0,100,0,5,0,0,0,41,3,0,100,0,24,0,18,0,90,22,0,0,0,0,0,0,14,63,0,0,24,20
2024-05-02,53,0,57,46,100,21,0,20,24,82,0,0,0,100,0,100,0,5,0,0,0,41,3,0,100,0,24,0,18,0,90,22,0,0,0,0,0,0,14,63,0,0,24,20
2024-05-03,53,0,57,46,100,21,0,20,24,82,0,0,0,100,0,100,0,5,0,0,0,41,3,0,100,0,24,0,18,0,90,22,0,0,0,0,0,0,14,63,0,0,24,20
2024-05-06,53,0,57,46,100,21,0,20,24,82,0,0,0,100,0,100,0,5,0,0,0,41,3,0,100,0,24,0,18,0,90,22,0,0,0,0,0,0,14,63,0,0,24,20
2024-05-07,53,0,57,46,100,21,0,20,24,82,0,0,0,100,0,100,0,5,0,0,0,41,3,0,100,0,24,0,18,0,90,22,0,0,0,0,0,0,14,63,0,0,24,20
2024-05-08,0,0,0,0,4,-7,0,-3,0,93,0,0,0,100,0,0,0,0,0,0,0,0,0,0,0,0,1,0,-11,0,0,0,0,0,0,0,0,0,-7,0,0,0,0,0
2024-05-09,0,0,-85,0,-12,0,0,-90,0,93,0,100,0,100,0,-90,0,0,0,0,0,0,0,0,0,0,6,0,-79,0,-88,0,0,0,0,0,0,0,-62,-86,0,0,0,-50
2024-05-10,-265,0,-200,-230,-492,-98,0,-7,-120,-596,0,-100,0,-700,0,-410,0,-25,0,0,0,-205,-15,0,-500,0,-127,0,0,0,-362,-110,0,0,0,0,0,0,-1,-229,0,0,-120,-50
2024-05-13,53,0,57,46,100,21,0,20,24,82,0,0,0,100,0,100,0,5,0,0,0,41,3,0,100,0,24,0,18,0,90,22,0,0,0,0,0,0,14,63,0,0,24,20
2024-05-14,53,0,57,46,100,21,0,20,24,82,0,0,0,100,0,100,0,5,0,0,0,41,3,0,100,0,24,0,18,0,90,22,0,0,0,0,0,0,14,63,0,0,24,20
2024-05-15,53,0,57,46,100,21,0,20,24,82,0,0,0,100,0,100,0,5,0,0,0,41,3,0,100,0,24,0,18,0,90,22,0,0,0,0,0,0,14,63,0,0,24,20
2024-05-16,53,0,57,46,100,21,0,20,24,82,0,0,0,100,0,100,0,5,0,0,0,41,3,0,100,0,24,0,18,0,90,22,0,0,0,0,0,0,14,63,0,0,24,20
2024-05-17,53,0,57,46,100,21,0,20,24,82,0,0,0,100,0,100,0,5,0,0,0,41,3,0,100,0,24,0,18,0,90,22,0,0,0,0,0,0,14,63,0,0,24,20
2024-05-20,-265,0,-285,-230,-500,-105,0,-100,-120,-410,0,0,0,-500,0,-500,0,-25,0,0,0,-205,-15,0,-500,0,-120,0,-90,0,-450,-110,0,0,0,0,0,0,-70,-315,0,0,-120,-100
2024-05-21,53,0,57,46,100,21,0,20,24,82,0,0,0,100,0,100,0,5,0,0,0,41,3,0,100,0,24,0,18,0,90,22,0,0,0,0,0,0,14,63,0,0,24,20
2024-05-22,53,0,57,46,100,21,0,20,24,82,0,0,0,100,0,100,0,5,0,0,0,41,3,0,100,0,24,0,18,0,90,22,0,0,0,0,0,0,14,63,0,0,24,20
2024-05-23,53,0,57,46,100,21,0,20,24,82,0,0,0,100,0,100,0,5,0,0,0,41,3,0,100,0,24,0,18,0,90,22,0,0,0,0,0,0,14,63,0,0,24,20
2024-05-24,53,0,57,46,100,21,0,20,24,82,0,0,0,100,0,100,0,5,0,0,0,41,3,0,100,0,24,0,18,0,90,22,0,0,0,0,0,0,14,63,0,0,24,20
2024-05-27,-212,0,-228,-184,-400,-84,0,-80,-96,-328,0,0,0,-400,0,-400,0,-20,0,0,0,-164,-12,0,-400,0,-96,0,-72,0,-360,-88,0,0,0,0,0,0,-56,-252,0,0,-96,-80
2024-05-28,53,0,57,46,100,21,0,20,24,82,0,0,0,100,0,100,0,5,0,0,0,41,3,0,100,0,24,0,18,0,90,22,0,0,0,0,0,0,14,63,0,0,24,20
2024-05-29,53,0,57,46,100,21,0,20,24,82,0,0,0,100,0,100,0,5,0,0,0,41,3,0,100,0,24,0,18,0,90,22,0,0,0,0,0,0,14,63,0,0,24,20
2024-05-30,53,0,57,46,100,21,0,20,24,82,0,0,0,100,0,100,0,5,0,0,0,41,3,0,100,0,24,0,18,0,90,22,0,0,0,0,0,0,14,63,0,0,24,20
2024-05-31,53,0,57,46,100,21,0,20,24,82,0,0,0,100,0,100,0,5,0,0,0,41,3,0,100,0,24,0,18,0,90,22,0,0,0,0,0,0,14,63,0,0,24,20
2024-06-03,53,0,57,46,100,21,0,20,24,82,0,0,0,100,0,100,0,5,0,0,0,41,3,0,100,0,24,0,18,0,90,22,0,0,0,0,0,0,14,63,0,0,24,20
2024-06-04,0,0,0,0,0,0,0,-20,0,0,0,0,0,69,0,0,0,0,0,0,0,0,0,0,4,0,1,0,-41,0,0,0,0,0,0,0,0,0,-23,0,0,0,0,0
2024-06-05,0,0,-75,0,-22,0,0,-80,0,44,0,100,0,100,0,-95,0,0,0,0,0,0,0,0,0,0,12,0,-49,0,-96,0,0,0,0,0,0,0,-47,-62,0,0,0,-42
2024-06-06,0,0,-70,0,-9,0,0,0,0,0,0,30,0,100,0,-82,0,0,0,0,0,0,0,0,0,0,5,0,0,0,-68,0,0,0,0,0,0,0,0,-50,0,0,0,-38
2024-06-07,0,0,-85,0,-16,0,0,0,0,2,0,100,0,100,0,-100,0,0,0,0,0,0,0,0,0,0,3,0,0,0,-90,0,0,0,0,0,0,0,0,-62,0,0,0,-20
2024-06-11,0,0,-55,0,-9,0,0,0,0,0,0,2,0,100,0,-84,0,0,0,0,0,0,0,0,0,0,8,0,0,0,-81,0,0,0,0,0,0,0,0,-53,0,0,0,0
2024-06-12,0,0,0,0,-9,0,0,0,0,0,0,0,0,94,0,-84,0,0,0,0,0,0,0,0,0,0,3,0,0,0,-81,0,0,0,0,0,0,0,0,-53,0,0,0,0
2024-06-13,0,0,0,0,-9,0,0,0,0,0,0,3,0,63,0,-55,0,0,0,0,0,0,0,0,0,0,0,0,0,0,-34,0,0,0,0,0,0,0,0,-35,0,0,0,0
2024-06-14,0,0,0,0,-9,0,0,0,0,0,0,3,0,0,0,0,0,0,0,0,0,0,0,0,0,0,2,0,0,0,0,0,0,0,0,0,0,0,0,0,0,0,0,0
2024-06-17,0,0,0,0,-7,0,0,0,0,0,0,2,0,0,0,0,0,0,0,0,0,0,0,0,0,0,5,0,0,0,0,0,0,0,0,0,0,0,0,0,0,0,0,0
2024-06-18,0,0,0,0,0,0,0,0,0,0,0,0,0,0,0,0,0,0,0,0,0,0,0,0,0,0,0,0,0,0,0,0,0,0,0,0,0,0,0,0,0,0,0,0
2024-06-19,0,0,0,0,-7,0,0,0,0,0,0,2,0,0,0,0,0,0,0,0,0,0,0,0,0,0,4,0,0,0,0,0,0,0,0,0,0,0,0,0,0,0,0,0
2024-06-20,0,0,0,0,-7,0,0,0,0,0,0,2,0,0,0,0,0,0,0,0,0,0,0,0,0,0,5,0,0,0,0,0,0,0,0,0,0,0,0,0,0,0,0,0
2024-06-21,0,0,0,0,-13,0,0,0,0,0,0,0,0,1,0,0,0,0,0,0,0,0,0,0,0,0,8,0,0,0,0,0,0,0,0,0,0,0,0,0,0,0,0,0
2024-06-24,0,0,0,0,-13,0,0,0,0,0,0,0,0,1,0,0,0,0,0,0,0,0,0,0,0,0,8,0,0,0,0,0,0,0,0,0,0,0,0,0,0,0,0,0
2024-06-25,0,0,0,0,-13,0,0,0,0,0,0,0,0,1,0,0,0,0,0,0,0,0,0,0,0,0,8,0,0,0,0,0,0,0,0,0,0,0,0,0,0,0,0,0
2024-06-26,0,0,0,0,-13,0,0,0,0,0,0,0,0,1,0,0,0,0,0,0,0,0,0,0,0,0,8,0,0,0,0,0,0,0,0,0,0,0,0,0,0,0,0,0
2024-06-27,0,0,0,0,-8,0,0,0,0,0,0,2,0,0,0,0,0,0,0,0,0,0,0,0,0,0,5,0,0,0,0,0,0,0,0,0,0,0,0,0,0,0,0,0
2024-06-28,0,0,0,0,-13,0,0,0,0,0,0,0,0,1,0,0,0,0,0,0,0,0,0,0,0,0,6,0,0,0,0,0,0,0,0,0,0,0,0,0,0,0,0,0
2024-07-01,0,0,0,0,-13,0,0,0,0,0,0,0,0,1,0,0,0,0,0,0,0,0,0,0,0,0,6,0,0,0,0,0,0,0,0,0,0,0,0,0,0,0,0,0
2024-07-02,0,0,0,0,-13,0,0,0,0,0,0,0,0,1,0,0,0,0,0,0,0,0,0,0,0,0,5,0,0,0,0,0,0,0,0,0,0,0,0,0,0,0,0,0
2024-07-03,-265,0,0,-230,-297,-105,0,0,-120,-456,0,-246,0,-1133,0,0,0,-25,0,0,0,-205,-15,0,-504,0,-222,0,0,0,0,-110,0,0,0,0,0,0,0,0,0,0,-120,0
2024-07-04,53,0,57,46,100,21,0,20,24,82,0,0,0,100,0,100,0,5,0,0,0,41,3,0,100,0,24,0,18,0,90,22,0,0,0,0,0,0,14,63,0,0,24,20
2024-07-05,53,0,57,46,100,21,0,20,24,82,0,0,0,100,0,100,0,5,0,0,0,41,3,0,100,0,24,0,18,0,90,22,0,0,0,0,0,0,14,63,0,0,24,20
2024-07-08,-106,0,-114,-92,-200,-42,0,-40,-48,-164,0,0,0,-200,0,-200,0,-10,0,0,0,-82,-6,0,-200,0,-48,0,-36,0,-180,-44,0,0,0,0,0,0,-28,-126,0,0,-48,-40
2024-07-09,53,0,57,46,100,21,0,20,24,82,0,0,0,100,0,100,0,5,0,0,0,41,3,0,100,0,24,0,18,0,90,22,0,0,0,0,0,0,14,63,0,0,24,20
2024-07-10,53,0,57,46,100,21,0,20,24,82,0,0,0,100,0,100,0,5,0,0,0,41,3,0,100,0,24,0,18,0,90,22,0,0,0,0,0,0,14,63,0,0,24,20
2024-07-11,53,0,57,46,100,21,0,20,24,82,0,0,0,100,0,100,0,5,0,0,0,41,3,0,100,0,24,0,18,0,90,22,0,0,0,0,0,0,14,63,0,0,24,20
2024-07-12,53,0,57,46,100,21,0,20,24,82,0,0,0,100,0,100,0,5,0,0,0,41,3,0,100,0,24,0,18,0,90,22,0,0,0,0,0,0,14,63,0,0,24,20
2024-07-15,35,0,48,54,100,0,0,18,31,84,0,0,0,100,0,94,0,0,0,0,0,42,-5,0,100,0,38,0,26,0,82,30,0,0,0,0,0,0,0,70,0,0,0,0
2024-07-16,0,0,-62,0,-5,0,0,-92,0,11,0,100,0,100,0,-78,0,0,0,0,0,0,0,0,0,0,1,0,-98,0,-76,0,0,0,0,0,0,0,-56,-47,0,0,0,-39
2024-07-17,0,0,-63,0,0,0,0,-6,0,0,0,57,0,100,0,-83,0,0,0,0,0,0,0,0,0,0,1,0,0,0,-80,0,0,0,0,0,0,0,0,-62,0,0,0,-41
2024-07-18,0,0,-79,0,-14,0,0,0,0,0,0,89,0,100,0,-96,0,0,0,0,0,0,0,0,0,0,5,0,0,0,-94,0,0,0,0,0,0,0,0,-78,0,0,0,0
2024-07-19,100,3,-72,0,-21,0,0,0,0,100,0,100,0,9,0,-100,0,0,0,0,0,0,0,0,0,0,100,0,0,0,-97,0,0,0,0,0,0,0,0,-82,0,0,1,0
2024-07-22,100,0,0,0,-21,0,0,0,0,100,0,100,0,0,0,-100,0,0,0,0,0,0,0,0,0,0,0,0,0,0,-95,0,0,0,0,0,0,0,0,-53,0,0,0,0
2024-07-23,100,0,0,0,-21,0,0,0,0,1,0,100,0,0,0,-37,0,0,0,0,0,0,0,0,0,0,4,0,0,0,0,0,0,0,0,0,0,0,0,0,0,0,0,0
2024-07-26,-547,-3,0,-238,-418,-84,0,0,-127,-624,0,-546,0,-809,0,0,0,-20,0,0,0,-206,-7,0,-500,0,-245,0,0,0,0,-118,0,0,0,0,0,0,0,0,0,0,-97,0
2024-07-29,53,0,57,46,100,21,0,20,24,82,0,0,0,100,0,100,0,5,0,0,0,41,3,0,100,0,24,0,18,0,90,22,0,0,0,0,0,0,14,63,0,0,24,20
2024-07-30,53,0,57,46,100,21,0,20,24,82,0,0,0,100,0,100,0,5,0,0,0,41,3,0,100,0,24,0,18,0,90,22,0,0,0,0,0,0,14,63,0,0,24,20
2024-07-31,53,0,57,46,100,21,0,20,24,82,0,0,0,100,0,100,0,5,0,0,0,41,3,0,100,0,24,0,18,0,90,22,0,0,0,0,0,0,14,63,0,0,24,20
2024-08-01,53,0,57,46,100,21,0,20,24,82,0,0,0,100,0,100,0,5,0,0,0,41,3,0,100,0,24,0,18,0,90,22,0,0,0,0,0,0,14,63,0,0,24,20
2024-08-02,0,0,48,54,100,0,0,0,0,84,0,0,0,100,0,94,0,0,0,0,0,37,-5,0,100,0,6,0,0,0,82,0,0,0,0,0,0,0,0,70,0,0,0,0
2024-08-05,-212,0,-276,-238,-500,-84,0,-80,-96,-412,0,0,0,-500,0,-494,0,-20,0,0,0,-201,-7,0,-500,0,-102,0,-72,0,-442,-88,0,0,0,0,0,0,-56,-322,0,0,-96,-80
2024-08-06,0,0,0,0,0,0,0,0,0,0,0,0,0,0,0,0,0,0,0,0,0,0,0,0,0,0,0,0,0,0,0,0,0,0,0,0,0,0,0,0,0,0,0,0
2024-08-07,53,0,57,46,100,21,0,20,24,82,0,0,0,100,0,100,0,5,0,0,0,41,3,0,100,0,24,0,18,0,90,22,0,0,0,0,0,0,14,63,0,0,24,20
2024-08-08,53,0,57,46,100,21,0,20,24,82,0,0,0,100,0,100,0,5,0,0,0,41,3,0,100,0,24,0,18,0,90,22,0,0,0,0,0,0,14,63,0,0,24,20
2024-08-09,53,0,57,46,100,21,0,20,24,82,0,0,0,100,0,100,0,5,0,0,0,41,3,0,100,0,24,0,18,0,90,22,0,0,0,0,0,0,14,63,0,0,24,20
2024-08-12,53,0,57,46,100,21,0,20,24,82,0,0,0,100,0,100,0,5,0,0,0,41,3,0,100,0,24,0,18,0,90,22,0,0,0,0,0,0,14,63,0,0,24,20
2024-08-13,0,0,0,0,4,0,0,0,0,92,0,0,0,100,0,0,0,0,0,0,0,0,0,0,0,0,0,0,0,0,1,0,0,0,0,0,0,0,0,0,0,0,0,0
2024-08-14,-212,0,-228,-184,-404,-84,0,-80,-96,-420,0,0,0,-500,0,-400,0,-20,0,0,0,-164,-12,0,-400,0,-96,0,-72,0,-361,-88,0,0,0,0,0,0,-56,-252,0,0,-96,-80
2024-08-15,53,0,57,46,100,21,0,20,24,82,0,0,0,100,0,100,0,5,0,0,0,41,3,0,100,0,24,0,18,0,90,22,0,0,0,0,0,0,14,63,0,0,24,20
2024-08-16,53,0,57,46,100,21,0,20,24,82,0,0,0,100,0,100,0,5,0,0,0,41,3,0,100,0,24,0,18,0,90,22,0,0,0,0,0,0,14,63,0,0,24,20
2024-08-19,53,0,57,46,100,21,0,20,24,82,0,0,0,100,0,100,0,5,0,0,0,41,3,0,100,0,24,0,18,0,90,22,0,0,0,0,0,0,14,63,0,0,24,20
2024-08-20,53,0,57,46,100,21,0,20,24,82,0,0,0,100,0,100,0,5,0,0,0,41,3,0,100,0,24,0,18,0,90,22,0,0,0,0,0,0,14,63,0,0,24,20
2024-08-21,0,0,0,0,2,-7,0,-3,0,61,0,0,0,100,0,0,0,0,0,0,0,0,0,0,0,0,1,0,-11,0,0,0,0,0,0,0,0,0,-7,0,0,0,0,0
2024-08-22,0,0,-71,0,-10,0,0,-77,0,51,0,0,0,100,0,-83,0,0,0,0,0,0,0,0,0,0,4,0,-61,0,-64,0,0,0,0,0,0,0,-49,-51,0,0,0,-38
2024-08-23,0,0,-71,0,-10,0,0,0,0,13,0,0,0,100,0,-82,0,0,0,0,0,0,0,0,0,0,8,0,0,0,-64,0,0,0,0,0,0,0,0,-51,0,0,0,-38
2024-08-26,0,0,-85,0,-20,0,0,0,0,0,0,57,0,100,0,-95,0,0,0,0,0,0,0,0,0,0,8,0,0,0,-76,0,0,0,0,0,0,0,0,-64,0,0,0,-4
2024-08-27,0,0,-1,0,-22,0,0,0,0,0,0,43,0,100,0,-100,0,0,0,0,0,0,0,0,0,0,0,0,0,0,-83,0,0,0,0,0,0,0,0,-68,0,0,0,0
2024-08-28,0,0,0,0,-22,0,0,0,0,0,0,2,0,46,0,-40,0,0,0,0,0,0,0,0,0,0,7,0,0,0,-73,0,0,0,0,0,0,0,0,-18,0,0,0,0
2024-08-29,0,0,0,0,-13,0,0,0,0,0,0,0,0,1,0,0,0,0,0,0,0,0,0,0,0,0,3,0,0,0,0,0,0,0,0,0,0,0,0,0,0,0,0,0
2024-08-30,0,0,0,0,-22,0,0,0,0,0,0,2,0,1,0,0,0,0,0,0,0,0,0,0,0,0,8,0,0,0,0,0,0,0,0,0,0,0,0,0,0,0,0,0
2024-09-02,0,0,0,0,-22,0,0,0,0,0,0,2,0,1,0,0,0,0,0,0,0,0,0,0,0,0,5,0,0,0,0,0,0,0,0,0,0,0,0,0,0,0,0,0
2024-09-03,0,0,0,0,-22,0,0,0,0,0,0,2,0,1,0,0,0,0,0,0,0,0,0,0,0,0,4,0,0,0,0,0,0,0,0,0,0,0,0,0,0,0,0,0
2024-09-04,0,0,0,0,-21,0,0,0,0,0,0,2,0,1,0,0,0,0,0,0,0,0,0,0,0,0,2,0,0,0,0,0,0,0,0,0,0,0,0,0,0,0,0,0
2024-09-05,0,0,0,0,-22,0,0,0,0,0,0,2,0,1,0,0,0,0,0,0,0,0,0,0,0,0,2,0,0,0,0,0,0,0,0,0,0,0,0,0,0,0,0,0
2024-09-06,0,0,0,0,-22,0,0,0,0,0,0,2,0,1,0,0,0,0,0,0,0,0,0,0,0,0,1,0,0,0,0,0,0,0,0,0,0,0,0,0,0,0,0,0
2024-09-09,0,0,0,0,-22,0,0,0,0,0,0,2,0,1,0,0,0,0,0,0,0,0,0,0,0,0,1,0,0,0,0,0,0,0,0,0,0,0,0,0,0,0,0,0
2024-09-10,0,0,0,0,-26,0,0,0,0,0,0,3,0,1,0,0,0,0,0,0,0,0,0,0,0,0,1,0,0,0,0,0,0,0,0,0,0,0,0,0,0,0,0,0
2024-09-11,0,0,0,0,-26,0,0,0,0,0,0,3,0,1,0,0,0,0,0,0,0,0,0,0,0,0,4,0,0,0,0,0,0,0,0,0,0,0,0,0,0,0,0,0
2024-09-12,0,0,0,0,-14,0,0,0,0,0,0,0,0,1,0,0,0,0,0,0,0,0,0,0,0,0,0,0,0,0,0,0,0,0,0,0,0,0,0,0,0,0,0,0
2024-09-13,0,0,0,0,-14,0,0,0,0,0,0,0,0,1,0,0,0,0,0,0,0,0,0,0,0,0,1,0,0,0,0,0,0,0,0,0,0,0,0,0,0,0,0,0
2024-09-16,0,0,0,0,-14,0,0,0,0,0,0,0,0,1,0,0,0,0,0,0,0,0,0,0,0,0,1,0,0,0,0,0,0,0,0,0,0,0,0,0,0,0,0,0
2024-09-18,0,0,0,0,-13,0,0,0,0,0,0,0,0,1,0,0,0,0,0,0,0,0,0,0,0,0,0,0,0,0,0,0,0,0,0,0,0,0,0,0,0,0,0,0
2024-09-19,5,0,0,0,-4,0,0,0,0,0,0,0,0,0,0,0,0,0,0,0,0,0,0,0,0,0,0,0,0,0,0,0,0,0,0,0,0,0,0,0,0,0,0,0
2024-09-20,5,0,0,0,-4,0,0,0,0,0,0,0,0,0,0,0,0,0,0,0,0,0,0,0,0,0,0,0,0,0,0,0,0,0,0,0,0,0,0,0,0,0,0,0
2024-09-23,5,0,0,0,-4,0,0,0,0,0,0,0,0,0,0,0,0,0,0,0,0,0,0,0,0,0,1,0,0,0,0,0,0,0,0,0,0,0,0,0,0,0,0,0
2024-09-24,5,0,0,0,-4,0,0,0,0,0,0,0,0,0,0,0,0,0,0,0,0,0,0,0,0,0,0,0,0,0,0,0,0,0,0,0,0,0,0,0,0,0,0,0
2024-09-25,0,0,0,0,-13,0,0,0,0,0,0,3,0,0,0,0,0,0,0,0,0,0,0,0,0,0,4,0,0,0,0,0,0,0,0,0,0,0,0,0,0,0,0,0
2024-09-26,0,0,0,0,-7,0,0,0,0,0,0,1,0,0,0,0,0,0,0,0,0,0,0,0,0,0,9,0,0,0,0,0,0,0,0,0,0,0,0,0,0,0,0,0
2024-09-27,0,0,0,0,-7,0,0,0,0,0,0,1,0,0,0,0,0,0,0,0,0,0,0,0,0,0,9,0,0,0,0,0,0,0,0,0,0,0,0,0,0,0,0,0
2024-09-30,0,0,0,0,-2,0,0,0,0,0,0,0,0,0,0,0,0,0,0,0,0,0,0,0,0,0,6,0,0,0,0,0,0,0,0,0,0,0,0,0,0,0,0,0
2024-10-01,0,0,0,0,0,0,0,0,0,0,0,0,0,0,0,0,0,0,0,0,0,0,0,0,0,0,0,0,0,0,0,0,0,0,0,0,0,0,0,0,0,0,0,0
2024-10-04,0,0,0,0,0,0,0,0,0,0,0,0,0,0,0,0,0,0,0,0,0,0,0,0,0,0,0,0,0,0,0,0,0,0,0,0,0,0,0,0,0,0,0,0
2024-10-07,0,0,0,0,0,0,0,0,0,0,0,0,0,0,0,0,0,0,0,0,0,0,0,0,0,0,0,0,0,0,0,0,0,0,0,0,0,0,0,0,0,0,0,0
2024-10-08,0,0,0,0,0,0,0,0,0,0,0,0,0,0,0,0,0,0,0,0,0,0,0,0,0,0,0,0,0,0,0,0,0,0,0,0,0,0,0,0,0,0,0,0
2024-10-09,0,0,0,0,0,0,0,0,0,0,0,0,0,0,0,0,0,0,0,0,0,0,0,0,0,0,0,0,0,0,0,0,0,0,0,0,0,0,0,0,0,0,0,0
2024-10-11,0,0,0,0,0,0,0,0,0,0,0,0,0,0,0,0,0,0,0,0,0,0,0,0,0,0,0,0,0,0,0,0,0,0,0,0,0,0,0,0,0,0,0,0
2024-10-14,0,0,0,0,0,0,0,0,0,0,0,0,0,0,0,0,0,0,0,0,0,0,0,0,0,0,0,0,0,0,0,0,0,0,0,0,0,0,0,0,0,0,0,0
2024-10-15,0,0,0,0,0,0,0,0,0,0,0,0,0,0,0,0,0,0,0,0,0,0,0,0,0,0,0,0,0,0,0,0,0,0,0,0,0,0,0,0,0,0,0,0
2024-10-16,0,0,0,0,0,0,0,0,0,0,0,0,0,0,0,0,0,0,0,0,0,0,0,0,0,0,0,0,0,0,0,0,0,0,0,0,0,0,0,0,0,0,0,0
2024-10-17,0,0,0,0,0,0,0,0,0,0,0,0,0,0,0,0,0,0,0,0,0,0,0,0,0,0,0,0,0,0,0,0,0,0,0,0,0,0,0,0,0,0,0,0
2024-10-18,0,0,0,0,0,0,0,0,0,0,0,0,0,0,0,0,0,0,0,0,0,0,0,0,0,0,0,0,0,0,0,0,0,0,0,0,0,0,0,0,0,0,0,0
2024-10-21,0,0,0,0,0,0,0,0,0,0,0,0,0,0,0,0,0,0,0,0,0,0,0,0,0,0,0,0,0,0,0,0,0,0,0,0,0,0,0,0,0,0,0,0
2024-10-22,0,0,0,0,0,0,0,0,0,0,0,0,0,0,0,0,0,0,0,0,0,0,0,0,0,0,0,0,0,0,0,0,0,0,0,0,0,0,0,0,0,0,0,0
2024-10-23,0,0,0,0,0,0,0,0,0,0,0,0,0,0,0,0,0,0,0,0,0,0,0,0,0,0,0,0,0,0,0,0,0,0,0,0,0,0,0,0,0,0,0,0
2024-10-24,0,0,0,0,0,0,0,0,0,0,0,0,0,0,0,0,0,0,0,0,0,0,0,0,0,0,0,0,0,0,0,0,0,0,0,0,0,0,0,0,0,0,0,0
2024-10-25,0,0,0,0,0,0,0,0,0,0,0,0,0,0,0,0,0,0,0,0,0,0,0,0,0,0,0,0,0,0,0,0,0,0,0,0,0,0,0,0,0,0,0,0
2024-10-28,0,0,0,0,0,0,0,0,0,0,0,0,0,0,0,0,0,0,0,0,0,0,0,0,0,0,0,0,0,0,0,0,0,0,0,0,0,0,0,0,0,0,0,0
2024-10-29,0,0,0,0,0,0,0,0,0,0,0,0,0,0,0,0,0,0,0,0,0,0,0,0,0,0,0,0,0,0,0,0,0,0,0,0,0,0,0,0,0,0,0,0
2024-10-30,0,0,0,0,0,0,0,0,0,0,0,0,0,0,0,0,0,0,0,0,0,0,0,0,0,0,0,0,0,0,0,0,0,0,0,0,0,0,0,0,0,0,0,0
2024-11-01,0,0,0,0,0,0,0,0,0,0,0,0,0,0,0,0,0,0,0,0,0,0,0,0,0,0,0,0,0,0,0,0,0,0,0,0,0,0,0,0,0,0,0,0
2024-11-04,0,0,0,0,0,0,0,0,0,0,0,0,0,0,0,0,0,0,0,0,0,0,0,0,0,0,0,0,0,0,0,0,0,0,0,0,0,0,0,0,0,0,0,0
2024-11-05,0,0,0,0,0,0,0,0,0,0,0,0,0,0,0,0,0,0,0,0,0,0,0,0,0,0,0,0,0,0,0,0,0,0,0,0,0,0,0,0,0,0,0,0
2024-11-06,0,0,0,0,0,0,0,0,0,0,0,0,0,0,0,0,0,0,0,0,0,0,0,0,0,0,0,0,0,0,0,0,0,0,0,0,0,0,0,0,0,0,0,0
2024-11-07,0,0,0,0,0,0,0,0,0,0,0,0,0,0,0,0,0,0,0,0,0,0,0,0,0,0,0,0,0,0,0,0,0,0,0,0,0,0,0,0,0,0,0,0
2024-11-08,0,0,0,0,0,0,0,0,0,0,0,0,0,0,0,0,0,0,0,0,0,0,0,0,0,0,0,0,0,0,0,0,0,0,0,0,0,0,0,0,0,0,0,0
2024-11-11,0,0,0,0,0,0,0,0,0,0,0,0,0,0,0,0,0,0,0,0,0,0,0,0,0,0,0,0,0,0,0,0,0,0,0,0,0,0,0,0,0,0,0,0
2024-11-12,0,0,0,0,0,0,0,0,0,0,0,0,0,0,0,0,0,0,0,0,0,0,0,0,0,0,0,0,0,0,0,0,0,0,0,0,0,0,0,0,0,0,0,0
2024-11-13,0,0,0,0,0,0,0,0,0,0,0,0,0,0,0,0,0,0,0,0,0,0,0,0,0,0,0,0,0,0,0,0,0,0,0,0,0,0,0,0,0,0,0,0
2024-11-14,0,0,0,0,0,0,0,0,0,0,0,0,0,0,0,0,0,0,0,0,0,0,0,0,0,0,0,0,0,0,0,0,0,0,0,0,0,0,0,0,0,0,0,0
2024-11-15,-232,0,0,-184,0,-77,0,0,-96,-453,0,-127,0,-960,0,0,0,-20,0,0,0,-164,-12,0,-400,0,-186,0,0,0,0,-88,0,0,0,0,0,0,0,0,0,0,-96,0
2024-11-18,53,0,57,46,100,21,0,20,24,82,0,0,0,100,0,100,0,5,0,0,0,41,3,0,100,0,24,0,18,0,90,22,0,0,0,0,0,0,14,63,0,0,24,20
2024-11-19,53,0,57,46,100,21,0,20,24,82,0,0,0,100,0,100,0,5,0,0,0,41,3,0,100,0,24,0,18,0,90,22,0,0,0,0,0,0,14,63,0,0,24,20
2024-11-20,53,0,57,46,100,21,0,20,24,82,0,0,0,100,0,100,0,5,0,0,0,41,3,0,100,0,24,0,18,0,90,22,0,0,0,0,0,0,14,63,0,0,24,20
2024-11-21,53,0,57,46,100,21,0,20,24,82,0,0,0,100,0,100,0,5,0,0,0,41,3,0,100,0,24,0,18,0,90,22,0,0,0,0,0,0,14,63,0,0,24,20
2024-11-22,0,0,0,0,100,0,0,0,0,93,0,0,0,100,0,2,0,0,0,0,0,0,0,0,100,0,0,0,0,0,6,0,0,0,0,0,0,0,0,0,0,0,0,0
2024-11-25,0,0,-71,0,-10,0,0,-80,0,17,0,0,0,100,0,-83,0,0,0,0,0,0,0,0,0,0,21,0,-72,0,-64,0,0,0,0,0,0,0,-56,-51,0,0,0,-38
2024-11-26,0,0,-71,0,-10,0,0,0,0,1,0,0,0,84,0,-83,0,0,0,0,0,0,0,0,0,0,14,0,0,0,-64,0,0,0,0,0,0,0,0,-51,0,0,0,-38
2024-11-27,0,0,-71,0,-10,0,0,0,0,1,0,0,0,73,0,-83,0,0,0,0,0,0,0,0,0,0,10,0,0,0,-64,0,0,0,0,0,0,0,0,-51,0,0,0,-4
2024-11-28,0,0,-15,0,-13,0,0,0,0,0,0,3,0,78,0,-93,0,0,0,0,0,0,0,0,0,0,4,0,0,0,-74,0,0,0,0,0,0,0,0,-59,0,0,0,0
2024-11-29,0,0,0,0,-13,0,0,0,0,0,0,5,0,50,0,-60,0,0,0,0,0,0,0,0,0,0,0,0,0,0,-74,0,0,0,0,0,0,0,0,-40,0,0,0,0
2024-12-02,0,0,0,0,-7,0,0,0,0,0,0,5,0,0,0,0,0,0,0,0,0,0,0,0,0,0,2,0,0,0,-26,0,0,0,0,0,0,0,0,0,0,0,0,0
2024-12-03,0,0,0,0,0,0,0,0,0,0,0,0,0,0,0,0,0,0,0,0,0,0,0,0,0,0,0,0,0,0,0,0,0,0,0,0,0,0,0,0,0,0,0,0
2024-12-04,0,0,0,0,-9,0,0,0,0,0,0,0,0,0,0,0,0,0,0,0,0,0,0,0,0,0,17,0,0,0,0,0,0,0,0,0,0,0,0,0,0,0,0,0
2024-12-05,0,0,0,0,-9,0,0,0,0,0,0,0,0,0,0,0,0,0,0,0,0,0,0,0,0,0,18,0,0,0,0,0,0,0,0,0,0,0,0,0,0,0,0,0
2024-12-06,0,0,0,0,-9,0,0,0,0,0,0,0,0,0,0,0,0,0,0,0,0,0,0,0,0,0,17,0,0,0,0,0,0,0,0,0,0,0,0,0,0,0,0,0
2024-12-09,0,0,0,0,-14,0,0,0,0,0,0,3,0,0,0,0,0,0,0,0,0,0,0,0,0,0,4,0,0,0,0,0,0,0,0,0,0,0,0,0,0,0,0,0
2024-12-10,0,0,0,0,-14,0,0,0,0,0,0,3,0,0,0,0,0,0,0,0,0,0,0,0,0,0,4,0,0,0,0,0,0,0,0,0,0,0,0,0,0,0,0,0
2024-12-11,0,0,0,0,-19,0,0,0,0,0,0,4,0,0,0,0,0,0,0,0,0,0,0,0,0,0,5,0,0,0,0,0,0,0,0,0,0,0,0,0,0,0,0,0
2024-12-12,0,0,0,0,-19,0,0,0,0,0,0,4,0,0,0,0,0,0,0,0,0,0,0,0,0,0,4,0,0,0,0,0,0,0,0,0,0,0,0,0,0,0,0,0
2024-12-13,0,0,0,0,-19,0,0,0,0,0,0,4,0,0,0,0,0,0,0,0,0,0,0,0,0,0,4,0,0,0,0,0,0,0,0,0,0,0,0,0,0,0,0,0
2024-12-16,0,0,0,0,-19,0,0,0,0,0,0,4,0,0,0,0,0,0,0,0,0,0,0,0,0,0,4,0,0,0,0,0,0,0,0,0,0,0,0,0,0,0,0,0
2024-12-17,0,0,0,0,-7,0,0,0,0,0,0,1,0,0,0,0,0,0,0,0,0,0,0,0,0,0,4,0,0,0,0,0,0,0,0,0,0,0,0,0,0,0,0,0
2024-12-18,0,0,0,0,-7,0,0,0,0,0,0,1,0,0,0,0,0,0,0,0,0,0,0,0,0,0,5,0,0,0,0,0,0,0,0,0,0,0,0,0,0,0,0,0
2024-12-19,0,0,0,0,-7,0,0,0,0,0,0,1,0,0,0,0,0,0,0,0,0,0,0,0,0,0,5,0,0,0,0,0,0,0,0,0,0,0,0,0,0,0,0,0
2024-12-20,0,0,0,0,-7,0,0,0,0,0,0,1,0,0,0,0,0,0,0,0,0,0,0,0,0,0,4,0,0,0,0,0,0,0,0,0,0,0,0,0,0,0,0,0
2024-12-23,0,0,0,0,-19,0,0,0,0,0,0,4,0,0,0,0,0,0,0,0,0,0,0,0,0,0,2,0,0,0,0,0,0,0,0,0,0,0,0,0,0,0,0,0
2024-12-24,0,0,0,0,-19,0,0,0,0,0,0,4,0,0,0,0,0,0,0,0,0,0,0,0,0,0,1,0,0,0,0,0,0,0,0,0,0,0,0,0,0,0,0,0
2024-12-25,0,0,0,0,-19,0,0,0,0,0,0,4,0,0,0,0,0,0,0,0,0,0,0,0,0,0,2,0,0,0,0,0,0,0,0,0,0,0,0,0,0,0,0,0
2024-12-26,0,0,0,0,-19,0,0,0,0,0,0,4,0,0,0,0,0,0,0,0,0,0,0,0,0,0,0,0,0,0,0,0,0,0,0,0,0,0,0,0,0,0,0,0
2024-12-27,0,0,0,0,-19,0,0,0,0,0,0,4,0,0,0,0,0,0,0,0,0,0,0,0,0,0,1,0,0,0,0,0,0,0,0,0,0,0,0,0,0,0,0,0
2024-12-30,0,0,0,-1,-15,0,0,0,0,0,0,3,0,0,0,0,0,0,0,0,0,0,0,0,0,0,3,0,0,0,0,0,0,0,0,0,0,0,0,0,0,0,0,0
2024-12-31,0,0,0,0,-22,0,0,0,0,0,0,4,0,0,0,0,0,0,0,0,0,0,0,0,0,0,4,0,0,0,0,0,0,0,0,0,0,0,0,0,0,0,0,0
2025-01-02,0,0,0,0,-22,0,0,0,0,0,0,4,0,0,0,0,0,0,0,0,0,0,0,0,0,0,4,0,0,0,0,0,0,0,0,0,0,0,0,0,0,0,0,0
2025-01-03,0,0,0,0,-30,0,0,0,0,0,0,0,0,1,0,0,0,0,0,0,0,0,0,0,0,0,1,0,0,0,0,0,0,0,0,0,0,0,0,0,0,0,0,0
2025-01-06,0,0,0,0,-20,0,0,0,0,0,0,4,0,0,0,0,0,0,0,0,0,0,0,0,0,0,0,0,0,0,0,0,0,0,0,0,0,0,0,0,0,0,0,0
2025-01-07,0,0,0,0,-20,0,0,0,0,0,0,3,0,0,0,0,0,0,0,0,0,0,0,0,0,0,7,0,0,0,0,0,0,0,0,0,0,0,0,0,0,0,0,0
2025-01-08,0,0,0,0,-20,0,0,0,0,0,0,3,0,0,0,0,0,0,0,0,0,0,0,0,0,0,7,0,0,0,0,0,0,0,0,0,0,0,0,0,0,0,0,0
2025-01-09,0,0,0,0,-30,0,0,0,0,0,0,0,0,1,0,0,0,0,0,0,0,0,0,0,0,0,0,0,0,0,0,0,0,0,0,0,0,0,0,0,0,0,0,0
2025-01-10,0,0,0,0,-4,0,0,0,0,0,0,0,0,0,0,0,0,0,0,0,0,0,0,0,0,0,6,0,0,0,0,0,0,0,0,0,0,0,0,0,0,0,0,0
2025-01-13,0,0,0,0,0,0,0,0,0,0,0,0,0,0,0,0,0,0,0,0,0,0,0,0,0,0,0,0,0,0,0,0,0,0,0,0,0,0,0,0,0,0,0,0
2025-01-14,0,0,0,0,0,0,0,0,0,0,0,0,0,0,0,0,0,0,0,0,0,0,0,0,0,0,0,0,0,0,0,0,0,0,0,0,0,0,0,0,0,0,0,0
2025-01-15,0,0,0,0,0,0,0,0,0,0,0,0,0,0,0,0,0,0,0,0,0,0,0,0,0,0,0,0,0,0,0,0,0,0,0,0,0,0,0,0,0,0,0,0
2025-01-16,0,0,0,0,0,0,0,0,0,0,0,0,0,0,0,0,0,0,0,0,0,0,0,0,0,0,0,0,0,0,0,0,0,0,0,0,0,0,0,0,0,0,0,0
2025-01-17,0,0,0,0,0,0,0,0,0,0,0,0,0,0,0,0,0,0,0,0,0,0,0,0,0,0,0,0,0,0,0,0,0,0,0,0,0,0,0,0,0,0,0,0
2025-01-20,0,0,0,0,0,0,0,0,0,0,0,0,0,0,0,0,0,0,0,0,0,0,0,0,0,0,0,0,0,0,0,0,0,0,0,0,0,0,0,0,0,0,0,0
2025-01-21,0,0,0,0,0,0,0,0,0,0,0,0,0,0,0,0,0,0,0,0,0,0,0,0,0,0,0,0,0,0,0,0,0,0,0,0,0,0,0,0,0,0,0,0
2025-01-22,0,0,0,0,0,0,0,0,0,0,0,0,0,0,0,0,0,0,0,0,0,0,0,0,0,0,0,0,0,0,0,0,0,0,0,0,0,0,0,0,0,0,0,0
2025-02-03,-212,0,0,-183,0,-84,0,0,-96,-440,0,-80,0,-887,0,0,0,-20,0,0,0,-164,-12,0,-500,0,-280,0,0,0,0,-88,0,0,0,0,0,0,0,0,0,0,-96,0
2025-02-04,53,0,57,46,100,21,0,20,24,82,0,0,0,100,0,100,0,5,0,0,0,41,3,0,100,0,24,0,18,0,90,22,0,0,0,0,0,0,14,63,0,0,24,20
2025-02-05,53,0,57,46,100,21,0,20,24,82,0,0,0,100,0,100,0,5,0,0,0,41,3,0,100,0,24,0,18,0,90,22,0,0,0,0,0,0,14,63,0,0,24,20
2025-02-06,53,0,57,46,100,21,0,20,24,82,0,0,0,100,0,100,0,5,0,0,0,41,3,0,100,0,24,0,18,0,90,22,0,0,0,0,0,0,14,63,0,0,24,20
2025-02-07,53,0,57,46,100,21,0,20,24,82,0,0,0,100,0,100,0,5,0,0,0,41,3,0,100,0,24,0,18,0,90,22,0,0,0,0,0,0,14,63,0,0,24,20
2025-02-10,0,0,0,0,13,0,0,0,0,52,0,0,0,100,0,0,0,0,0,0,0,0,0,0,0,0,0,0,0,0,1,0,0,0,0,0,0,0,0,0,0,0,0,0
2025-02-11,0,0,-81,0,-22,0,0,-80,0,0,0,48,0,100,0,-95,0,0,0,0,0,0,0,0,0,0,3,0,-72,0,-80,0,0,0,0,0,0,0,-56,-67,0,0,0,-40
2025-02-12,0,0,-81,0,-22,0,0,0,0,0,0,4,0,91,0,-95,0,0,0,0,0,0,0,0,0,0,4,0,0,0,-80,0,0,0,0,0,0,0,0,-67,0,0,0,-40
2025-02-13,0,0,-66,0,-22,0,0,0,0,0,0,4,0,85,0,-95,0,0,0,0,0,0,0,0,0,0,5,0,0,0,-80,0,0,0,0,0,0,0,0,-67,0,0,0,0
2025-02-14,0,0,0,0,-30,0,0,0,0,0,0,2,0,83,0,-100,0,0,0,0,0,0,0,0,0,0,1,0,0,0,-91,0,0,0,0,0,0,0,0,-51,0,0,0,0
2025-02-17,0,0,0,-1,-15,0,0,0,0,0,0,3,0,11,0,-15,0,0,0,0,0,0,0,0,0,0,6,0,0,0,-30,0,0,0,0,0,0,0,0,0,0,0,0,0
2025-02-18,0,0,0,-1,-15,0,0,0,0,0,0,3,0,0,0,0,0,0,0,0,0,0,0,0,0,0,2,0,0,0,0,0,0,0,0,0,0,0,0,0,0,0,0,0
2025-02-19,0,0,0,-1,-15,0,0,0,0,0,0,3,0,0,0,0,0,0,0,0,0,0,0,0,0,0,2,0,0,0,0,0,0,0,0,0,0,0,0,0,0,0,0,0
2025-02-20,0,0,0,-1,-15,0,0,0,0,0,0,3,0,0,0,0,0,0,0,0,0,0,0,0,0,0,1,0,0,0,0,0,0,0,0,0,0,0,0,0,0,0,0,0
2025-02-21,0,0,0,-1,-15,0,0,0,0,0,0,3,0,0,0,0,0,0,0,0,0,0,0,0,0,0,2,0,0,0,0,0,0,0,0,0,0,0,0,0,0,0,0,0
2025-02-24,0,0,0,-1,-15,0,0,0,0,0,0,3,0,0,0,0,0,0,0,0,0,0,0,0,0,0,2,0,0,0,0,0,0,0,0,0,0,0,0,0,0,0,0,0
2025-02-25,0,0,0,-1,-15,0,0,0,0,0,0,3,0,0,0,0,0,0,0,0,0,0,0,0,0,0,4,0,0,0,0,0,0,0,0,0,0,0,0,0,0,0,0,0
2025-02-26,0,0,0,-1,-15,0,0,0,0,0,0,3,0,0,0,0,0,0,0,0,0,0,0,0,0,0,3,0,0,0,0,0,0,0,0,0,0,0,0,0,0,0,0,0
2025-02-27,0,0,0,0,-22,0,0,0,0,0,0,4,0,0,0,0,0,0,0,0,0,0,0,0,0,0,5,0,0,0,0,0,0,0,0,0,0,0,0,0,0,0,0,0
2025-03-03,0,0,0,0,-22,0,0,0,0,0,0,4,0,0,0,0,0,0,0,0,0,0,0,0,0,0,6,0,0,0,0,0,0,0,0,0,0,0,0,0,0,0,0,0
2025-03-04,0,0,0,-1,-15,0,0,0,0,0,0,3,0,0,0,0,0,0,0,0,0,0,0,0,0,0,3,0,0,0,0,0,0,0,0,0,0,0,0,0,0,0,0,0
2025-03-05,0,0,0,-1,-15,0,0,0,0,0,0,3,0,0,0,0,0,0,0,0,0,0,0,0,0,0,4,0,0,0,0,0,0,0,0,0,0,0,0,0,0,0,0,0
2025-03-06,0,0,0,-1,-15,0,0,0,0,0,0,3,0,0,0,0,0,0,0,0,0,0,0,0,0,0,4,0,0,0,0,0,0,0,0,0,0,0,0,0,0,0,0,0
2025-03-07,0,0,0,-1,-15,0,0,0,0,0,0,3,0,0,0,0,0,0,0,0,0,0,0,0,0,0,4,0,0,0,0,0,0,0,0,0,0,0,0,0,0,0,0,0
2025-03-10,0,0,0,0,-11,0,0,0,0,0,0,2,0,0,0,0,0,0,0,0,0,0,0,0,0,0,4,0,0,0,0,0,0,0,0,0,0,0,0,0,0,0,0,0
2025-03-11,0,0,0,0,-11,0,0,0,0,0,0,2,0,0,0,0,0,0,0,0,0,0,0,0,0,0,4,0,0,0,0,0,0,0,0,0,0,0,0,0,0,0,0,0
2025-03-12,0,0,0,-1,-13,0,0,0,0,0,0,3,0,0,0,0,0,0,0,0,0,0,0,0,0,0,0,0,0,0,0,0,0,0,0,0,0,0,0,0,0,0,0,0
2025-03-13,0,0,0,-2,-15,0,0,0,0,0,0,3,0,0,0,0,0,0,0,0,0,0,0,0,0,0,6,0,0,0,0,0,0,0,0,0,0,0,0,0,0,0,0,0
2025-03-14,0,0,0,-1,-15,0,0,0,0,0,0,3,0,0,0,0,0,0,0,0,0,0,0,0,0,0,4,0,0,0,0,0,0,0,0,0,0,0,0,0,0,0,0,0
2025-03-17,0,0,0,-1,-15,0,0,0,0,0,0,3,0,0,0,0,0,0,0,0,0,0,0,0,0,0,5,0,0,0,0,0,0,0,0,0,0,0,0,0,0,0,0,0
2025-03-18,0,0,0,0,-13,0,0,0,0,0,0,2,0,0,0,0,0,0,0,0,0,0,0,0,0,0,7,0,0,0,0,0,0,0,0,0,0,0,0,0,0,0,0,0
2025-03-19,0,0,0,0,0,0,0,0,0,0,0,0,0,0,0,0,0,0,0,0,0,0,0,0,0,0,0,0,0,0,0,0,0,0,0,0,0,0,0,0,0,0,0,0
2025-03-20,0,0,0,0,0,0,0,0,0,0,0,0,0,0,0,0,0,0,0,0,0,0,0,0,0,0,0,0,0,0,0,0,0,0,0,0,0,0,0,0,0,0,0,0
2025-03-21,0,0,0,-1,0,0,0,0,0,0,0,0,0,0,0,0,0,0,0,0,0,0,0,0,0,0,2,0,0,0,0,0,0,0,0,0,0,0,0,0,0,0,0,0
2025-03-24,0,0,0,-1,0,0,0,0,0,0,0,0,0,0,0,0,0,0,0,0,0,0,0,0,0,0,1,0,0,0,0,0,0,0,0,0,0,0,0,0,0,0,0,0
2025-03-25,0,0,0,-1,0,0,0,0,0,0,0,0,0,0,0,0,0,0,0,0,0,0,0,0,0,0,2,0,0,0,0,0,0,0,0,0,0,0,0,0,0,0,0,0
2025-03-26,0,0,0,-1,0,0,0,0,0,0,0,0,0,0,0,0,0,0,0,0,0,0,0,0,0,0,2,0,0,0,0,0,0,0,0,0,0,0,0,0,0,0,0,0
2025-03-27,0,0,0,-1,0,0,0,0,0,0,0,0,0,0,0,0,0,0,0,0,0,0,0,0,0,0,2,0,0,0,0,0,0,0,0,0,0,0,0,0,0,0,0,0
2025-03-28,0,0,0,-1,0,0,0,0,0,0,0,0,0,0,0,0,0,0,0,0,0,0,0,0,0,0,2,0,0,0,0,0,0,0,0,0,0,0,0,0,0,0,0,0
2025-03-31,0,0,0,0,0,0,0,0,0,0,0,0,0,0,0,0,0,0,0,0,0,0,0,0,0,0,0,0,0,0,0,0,0,0,0,0,0,0,0,0,0,0,0,0
2025-04-01,0,0,0,-4,0,0,0,0,0,0,0,1,0,0,0,0,0,0,0,0,0,0,0,0,0,0,0,0,0,0,0,0,0,0,0,0,0,0,0,0,0,0,0,0
2025-04-02,0,0,0,0,0,0,0,0,0,0,0,0,0,0,0,0,0,0,0,0,0,0,0,0,0,0,0,0,0,0,0,0,0,0,0,0,0,0,0,0,0,0,0,0
2025-04-07,-212,0,0,-157,0,-84,0,0,-96,-380,0,-121,0,-870,0,0,0,-20,0,0,0,-164,-12,0,-400,0,-198,0,0,0,0,-88,0,0,0,0,0,0,0,0,0,0,-96,0
2025-04-08,0,0,0,0,0,0,0,0,0,0,0,0,0,0,0,0,0,0,0,0,0,0,0,0,0,0,0,0,0,0,0,0,0,0,0,0,0,0,0,0,0,0,0,0
2025-04-09,53,0,57,46,100,21,0,20,24,82,0,0,0,100,0,100,0,5,0,0,0,41,3,0,100,0,24,0,18,0,90,22,0,0,0,0,0,0,14,63,0,0,24,20
2025-04-10,-53,0,-57,-46,-100,-21,0,-20,-24,-82,0,0,0,-100,0,-100,0,-5,0,0,0,-41,-3,0,-100,0,-24,0,-18,0,-90,-22,0,0,0,0,0,0,-14,-63,0,0,-24,-20
2025-04-11,0,0,0,0,0,0,0,0,0,0,0,0,0,0,0,0,0,0,0,0,0,0,0,0,0,0,0,0,0,0,0,0,0,0,0,0,0,0,0,0,0,0,0,0
2025-04-14,53,0,57,46,100,21,0,20,24,82,0,0,0,100,0,100,0,5,0,0,0,41,3,0,100,0,24,0,18,0,90,22,0,0,0,0,0,0,14,63,0,0,24,20
2025-04-15,53,0,57,46,100,21,0,20,24,82,0,0,0,100,0,100,0,5,0,0,0,41,3,0,100,0,24,0,18,0,90,22,0,0,0,0,0,0,14,63,0,0,24,20
2025-04-16,53,0,57,46,100,21,0,20,24,82,0,0,0,100,0,100,0,5,0,0,0,41,3,0,100,0,24,0,18,0,90,22,0,0,0,0,0,0,14,63,0,0,24,20
2025-04-17,53,0,57,46,100,21,0,20,24,82,0,0,0,100,0,100,0,5,0,0,0,41,3,0,100,0,24,0,18,0,90,22,0,0,0,0,0,0,14,63,0,0,24,20
2025-04-18,1,0,-2,0,0,0,0,-19,0,0,0,0,0,63,0,0,0,0,0,0,0,0,0,0,2,0,0,0,-44,0,0,0,0,0,0,0,0,0,-19,-19,0,0,0,-4
2025-04-21,0,0,-81,0,-22,0,0,-61,0,32,0,100,0,100,0,-95,0,0,0,0,0,0,0,0,0,0,13,0,-28,0,-80,0,0,0,0,0,0,0,-37,-67,0,0,0,-40
2025-04-22,0,0,-81,0,-22,0,0,0,0,2,0,100,0,100,0,-95,0,0,0,0,0,0,0,0,0,0,8,0,0,0,-80,0,0,0,0,0,0,0,0,-67,0,0,0,-36
2025-04-23,0,0,-64,0,-22,0,0,0,0,0,0,63,0,100,0,-95,0,0,0,0,0,0,0,0,0,0,6,0,0,0,-80,0,0,0,0,0,0,0,0,-67,0,0,0,0
2025-04-24,0,0,0,0,-22,0,0,0,0,0,0,4,0,98,0,-95,0,0,0,0,0,0,0,0,0,0,1,0,0,0,-80,0,0,0,0,0,0,0,0,-32,0,0,0,0
2025-04-25,0,0,0,0,-22,0,0,0,0,0,0,1,0,20,0,-20,0,0,0,0,0,0,0,0,0,0,5,0,0,0,-40,0,0,0,0,0,0,0,0,0,0,0,0,0
2025-04-28,0,0,0,0,-22,0,0,0,0,0,0,4,0,0,0,0,0,0,0,0,0,0,0,0,0,0,6,0,0,0,0,0,0,0,0,0,0,0,0,0,0,0,0,0
2025-04-29,0,0,0,-1,-15,0,0,0,0,0,0,3,0,0,0,0,0,0,0,0,0,0,0,0,0,0,4,0,0,0,0,0,0,0,0,0,0,0,0,0,0,0,0,0
2025-04-30,0,0,0,-1,-15,0,0,0,0,0,0,3,0,0,0,0,0,0,0,0,0,0,0,0,0,0,4,0,0,0,0,0,0,0,0,0,0,0,0,0,0,0,0,0
2025-05-02,0,0,0,-1,-15,0,0,0,0,0,0,3,0,0,0,0,0,0,0,0,0,0,0,0,0,0,4,0,0,0,0,0,0,0,0,0,0,0,0,0,0,0,0,0
2025-05-05,0,0,0,-1,-15,0,0,0,0,0,0,3,0,0,0,0,0,0,0,0,0,0,0,0,0,0,6,0,0,0,0,0,0,0,0,0,0,0,0,0,0,0,0,0
2025-05-06,0,0,0,-1,-15,0,0,0,0,0,0,3,0,0,0,0,0,0,0,0,0,0,0,0,0,0,6,0,0,0,0,0,0,0,0,0,0,0,0,0,0,0,0,0
2025-05-07,0,0,0,-1,-15,0,0,0,0,0,0,3,0,0,0,0,0,0,0,0,0,0,0,0,0,0,6,0,0,0,0,0,0,0,0,0,0,0,0,0,0,0,0,0
2025-05-08,0,0,0,-1,-15,0,0,0,0,0,0,3,0,0,0,0,0,0,0,0,0,0,0,0,0,0,5,0,0,0,0,0,0,0,0,0,0,0,0,0,0,0,0,0
2025-05-09,0,0,0,-1,-15,0,0,0,0,0,0,3,0,0,0,0,0,0,0,0,0,0,0,0,0,0,4,0,0,0,0,0,0,0,0,0,0,0,0,0,0,0,0,0
2025-05-12,0,0,0,-1,-15,0,0,0,0,0,0,3,0,0,0,0,0,0,0,0,0,0,0,0,0,0,4,0,0,0,0,0,0,0,0,0,0,0,0,0,0,0,0,0
2025-05-13,0,0,0,-1,-15,0,0,0,0,0,0,3,0,0,0,0,0,0,0,0,0,0,0,0,0,0,4,0,0,0,0,0,0,0,0,0,0,0,0,0,0,0,0,0
2025-05-14,0,0,0,0,-9,0,0,0,0,0,0,0,0,0,0,0,0,0,0,0,0,0,0,0,0,0,15,0,0,0,0,0,0,0,0,0,0,0,0,0,0,0,0,0
2025-05-15,0,0,0,0,-9,0,0,0,0,0,0,0,0,0,0,0,0,0,0,0,0,0,0,0,0,0,14,0,0,0,0,0,0,0,0,0,0,0,0,0,0,0,0,0
2025-05-16,0,0,0,0,-9,0,0,0,0,0,0,0,0,0,0,0,0,0,0,0,0,0,0,0,0,0,14,0,0,0,0,0,0,0,0,0,0,0,0,0,0,0,0,0
2025-05-19,0,0,0,0,-9,0,0,0,0,0,0,0,0,0,0,0,0,0,0,0,0,0,0,0,0,0,14,0,0,0,0,0,0,0,0,0,0,0,0,0,0,0,0,0
2025-05-20,0,0,0,-1,-15,0,0,0,0,0,0,3,0,0,0,0,0,0,0,0,0,0,0,0,0,0,4,0,0,0,0,0,0,0,0,0,0,0,0,0,0,0,0,0
2025-05-21,0,0,0,0,-14,0,0,0,0,0,0,3,0,0,0,0,0,0,0,0,0,0,0,0,0,0,0,0,0,0,0,0,0,0,0,0,0,0,0,0,0,0,0,0
2025-05-22,0,0,0,-1,-15,0,0,0,0,0,0,3,0,0,0,0,0,0,0,0,0,0,0,0,0,0,3,0,0,0,0,0,0,0,0,0,0,0,0,0,0,0,0,0
2025-05-23,0,0,0,-1,-15,0,0,0,0,0,0,3,0,0,0,0,0,0,0,0,0,0,0,0,0,0,2,0,0,0,0,0,0,0,0,0,0,0,0,0,0,0,0,0
2025-05-26,0,0,0,-1,-15,0,0,0,0,0,0,3,0,0,0,0,0,0,0,0,0,0,0,0,0,0,3,0,0,0,0,0,0,0,0,0,0,0,0,0,0,0,0,0
2025-05-27,0,0,0,-1,-8,0,0,0,0,0,0,1,0,0,0,0,0,0,0,0,0,0,0,0,0,0,6,0,0,0,0,0,0,0,0,0,0,0,0,0,0,0,0,0
2025-05-28,0,0,0,-1,0,0,0,0,0,0,0,0,0,0,0,0,0,0,0,0,0,0,0,0,0,0,2,0,0,0,0,0,0,0,0,0,0,0,0,0,0,0,0,0
2025-05-29,0,0,0,-1,0,0,0,0,0,0,0,0,0,0,0,0,0,0,0,0,0,0,0,0,0,0,2,0,0,0,0,0,0,0,0,0,0,0,0,0,0,0,0,0
2025-06-02,0,0,0,-2,0,0,0,0,0,0,0,0,0,0,0,0,0,0,0,0,0,0,0,0,0,0,3,0,0,0,0,0,0,0,0,0,0,0,0,0,0,0,0,0
2025-06-03,0,0,0,-1,0,0,0,0,0,0,0,0,0,0,0,0,0,0,0,0,0,0,0,0,0,0,2,0,0,0,0,0,0,0,0,0,0,0,0,0,0,0,0,0
2025-06-04,0,0,0,-1,0,0,0,0,0,0,0,0,0,0,0,0,0,0,0,0,0,0,0,0,0,0,1,0,0,0,0,0,0,0,0,0,0,0,0,0,0,0,0,0
2025-06-05,0,0,0,-1,0,0,0,0,0,0,0,0,0,0,0,0,0,0,0,0,0,0,0,0,0,0,2,0,0,0,0,0,0,0,0,0,0,0,0,0,0,0,0,0
2025-06-06,0,0,0,-1,0,0,0,0,0,0,0,0,0,0,0,0,0,0,0,0,0,0,0,0,0,0,2,0,0,0,0,0,0,0,0,0,0,0,0,0,0,0,0,0
2025-06-09,0,0,0,-1,0,0,0,0,0,0,0,0,0,0,0,0,0,0,0,0,0,0,0,0,0,0,2,0,0,0,0,0,0,0,0,0,0,0,0,0,0,0,0,0
2025-06-10,0,0,0,-1,0,0,0,0,0,0,0,0,0,0,0,0,0,0,0,0,0,0,0,0,0,0,1,0,0,0,0,0,0,0,0,0,0,0,0,0,0,0,0,0
2025-06-11,0,0,0,-1,0,0,0,0,0,0,0,0,0,0,0,0,0,0,0,0,0,0,0,0,0,0,2,0,0,0,0,0,0,0,0,0,0,0,0,0,0,0,0,0
2025-06-12,0,0,0,-1,0,0,0,0,0,0,0,0,0,0,0,0,0,0,0,0,0,0,0,0,0,0,2,0,0,0,0,0,0,0,0,0,0,0,0,0,0,0,0,0
2025-06-13,0,0,0,-2,0,0,0,0,0,0,0,0,0,0,0,0,0,0,0,0,0,0,0,0,0,0,4,0,0,0,0,0,0,0,0,0,0,0,0,0,0,0,0,0
2025-06-16,0,0,0,-2,0,0,0,0,0,0,0,0,0,0,0,0,0,0,0,0,0,0,0,0,0,0,4,0,0,0,0,0,0,0,0,0,0,0,0,0,0,0,0,0
2025-06-17,0,0,0,-1,0,0,0,0,0,0,0,0,0,0,0,0,0,0,0,0,0,0,0,0,0,0,2,0,0,0,0,0,0,0,0,0,0,0,0,0,0,0,0,0
2025-06-18,0,0,0,-1,0,0,0,0,0,0,0,0,0,0,0,0,0,0,0,0,0,0,0,0,0,0,1,0,0,0,0,0,0,0,0,0,0,0,0,0,0,0,0,0
2025-06-19,0,0,0,-1,0,0,0,0,0,0,0,0,0,0,0,0,0,0,0,0,0,0,0,0,0,0,2,0,0,0,0,0,0,0,0,0,0,0,0,0,0,0,0,0
2025-06-20,0,0,0,-3,0,0,0,0,0,0,0,0,0,0,0,0,0,0,0,0,0,0,0,0,0,0,5,0,0,0,0,0,0,0,0,0,0,0,0,0,0,0,0,0
2025-06-23,0,0,0,-5,0,0,0,0,0,0,0,0,0,0,0,0,0,0,0,0,0,0,0,0,0,0,9,0,0,0,0,0,0,0,0,0,0,0,0,0,0,0,0,0
2025-06-24,0,0,0,-2,0,0,0,0,0,0,0,0,0,0,0,0,0,0,0,0,0,0,0,0,0,0,4,0,0,0,0,0,0,0,0,0,0,0,0,0,0,0,0,0
2025-06-25,0,0,0,-2,0,0,0,0,0,0,0,0,0,0,0,0,0,0,0,0,0,0,0,0,0,0,3,0,0,0,0,0,0,0,0,0,0,0,0,0,0,0,0,0
2025-06-26,0,0,0,-2,0,0,0,0,0,0,0,0,0,0,0,0,0,0,0,0,0,0,0,0,0,0,4,0,0,0,0,0,0,0,0,0,0,0,0,0,0,0,0,0
2025-06-27,0,0,0,-3,0,0,0,0,0,0,0,0,0,0,0,0,0,0,0,0,0,0,0,0,0,0,5,0,0,0,0,0,0,0,0,0,0,0,0,0,0,0,0,0
2025-06-30,0,0,0,-1,0,0,0,0,0,0,0,0,0,0,0,0,0,0,0,0,0,0,0,0,0,0,2,0,0,0,0,0,0,0,0,0,0,0,0,0,0,0,0,0
2025-07-01,0,0,0,-2,0,0,0,0,0,0,0,0,0,0,0,0,0,0,0,0,0,0,0,0,0,0,4,0,0,0,0,0,0,0,0,0,0,0,0,0,0,0,0,0
2025-07-02,0,0,0,-2,0,0,0,0,0,0,0,0,0,0,0,0,0,0,0,0,0,0,0,0,0,0,3,0,0,0,0,0,0,0,0,0,0,0,0,0,0,0,0,0
2025-07-03,0,0,0,-2,0,0,0,0,0,0,0,0,0,0,0,0,0,0,0,0,0,0,0,0,0,0,4,0,0,0,0,0,0,0,0,0,0,0,0,0,0,0,0,0
2025-07-04,0,0,0,-2,0,0,0,0,0,0,0,0,0,0,0,0,0,0,0,0,0,0,0,0,0,0,4,0,0,0,0,0,0,0,0,0,0,0,0,0,0,0,0,0
2025-07-07,0,0,0,-1,0,0,0,0,0,0,0,0,0,0,0,0,0,0,0,0,0,0,0,0,0,0,2,0,0,0,0,0,0,0,0,0,0,0,0,0,0,0,0,0
2025-07-08,0,0,0,-1,0,0,0,0,0,0,0,0,0,0,0,0,0,0,0,0,0,0,0,0,0,0,2,0,0,0,0,0,0,0,0,0,0,0,0,0,0,0,0,0
2025-07-09,0,0,0,-2,0,0,0,0,0,0,0,0,0,0,0,0,0,0,0,0,0,0,0,0,0,0,3,0,0,0,0,0,0,0,0,0,0,0,0,0,0,0,0,0
2025-07-10,0,0,0,-2,0,0,0,0,0,0,0,0,0,0,0,0,0,0,0,0,0,0,0,0,0,0,4,0,0,0,0,0,0,0,0,0,0,0,0,0,0,0,0,0
2025-07-11,0,0,0,-1,0,0,0,0,0,0,0,0,0,0,0,0,0,0,0,0,0,0,0,0,0,0,2,0,0,0,0,0,0,0,0,0,0,0,0,0,0,0,0,0
2025-07-14,0,0,0,-1,0,0,0,0,0,0,0,0,0,0,0,0,0,0,0,0,0,0,0,0,0,0,1,0,0,0,0,0,0,0,0,0,0,0,0,0,0,0,0,0
2025-07-15,0,0,0,-1,0,0,0,0,0,0,0,0,0,0,0,0,0,0,0,0,0,0,0,0,0,0,2,0,0,0,0,0,0,0,0,0,0,0,0,0,0,0,0,0
2025-07-16,0,0,0,-1,0,0,0,0,0,0,0,0,0,0,0,0,0,0,0,0,0,0,0,0,0,0,2,0,0,0,0,0,0,0,0,0,0,0,0,0,0,0,0,0
2025-07-17,0,0,0,-1,0,0,0,0,0,0,0,0,0,0,0,0,0,0,0,0,0,0,0,0,0,0,2,0,0,0,0,0,0,0,0,0,0,0,0,0,0,0,0,0
2025-07-18,0,0,0,-1,0,0,0,0,0,0,0,0,0,0,0,0,0,0,0,0,0,0,0,0,0,0,2,0,0,0,0,0,0,0,0,0,0,0,0,0,0,0,0,0
2025-07-21,0,0,0,-1,0,0,0,0,0,0,0,0,0,0,0,0,0,0,0,0,0,0,0,0,0,0,1,0,0,0,0,0,0,0,0,0,0,0,0,0,0,0,0,0
2025-07-22,0,0,0,-1,0,0,0,0,0,0,0,0,0,0,0,0,0,0,0,0,0,0,0,0,0,0,2,0,0,0,0,0,0,0,0,0,0,0,0,0,0,0,0,0
2025-07-23,0,0,0,-1,0,0,0,0,0,0,0,0,0,0,0,0,0,0,0,0,0,0,0,0,0,0,2,0,0,0,0,0,0,0,0,0,0,0,0,0,0,0,0,0
2025-07-24,0,0,0,-1,0,0,0,0,0,0,0,0,0,0,0,0,0,0,0,0,0,0,0,0,0,0,3,0,0,0,0,0,0,0,0,0,0,0,0,0,0,0,0,0
2025-07-25,0,0,0,-1,0,0,0,0,0,0,0,0,0,0,0,0,0,0,0,0,0,0,0,0,0,0,2,0,0,0,0,0,0,0,0,0,0,0,0,0,0,0,0,0
2025-07-28,0,0,0,-1,0,0,0,0,0,0,0,0,0,0,0,0,0,0,0,0,0,0,0,0,0,0,2,0,0,0,0,0,0,0,0,0,0,0,0,0,0,0,0,0
2025-07-29,0,0,0,-2,0,0,0,0,0,0,0,0,0,0,0,0,0,0,0,0,0,0,0,0,0,0,5,0,0,0,0,0,0,0,0,0,0,0,0,0,0,0,0,0
2025-07-30,0,0,0,0,0,0,0,0,0,0,0,0,0,0,0,0,0,0,0,0,0,0,0,0,0,0,0,0,0,0,0,0,0,0,0,0,0,0,0,0,0,0,0,0
2025-07-31,-213,0,0,-104,0,-84,0,0,-96,-362,0,-318,0,-881,0,0,0,-20,0,0,0,-164,-12,0,-402,0,-377,0,0,0,0,-88,0,0,0,0,0,0,0,0,0,0,-96,0
2025-08-04,53,0,57,46,100,21,0,20,24,82,0,0,0,100,0,100,0,5,0,0,0,41,3,0,100,0,24,0,18,0,90,22,0,0,0,0,0,0,14,63,0,0,24,20
2025-08-05,53,0,57,46,100,21,0,20,24,82,0,0,0,100,0,100,0,5,0,0,0,41,3,0,100,0,24,0,18,0,90,22,0,0,0,0,0,0,14,63,0,0,24,20
2025-08-06,53,0,57,46,100,21,0,20,24,82,0,0,0,100,0,100,0,5,0,0,0,41,3,0,100,0,24,0,18,0,90,22,0,0,0,0,0,0,14,63,0,0,24,20
2025-08-07,53,0,57,46,100,21,0,20,24,82,0,0,0,100,0,100,0,5,0,0,0,41,3,0,100,0,24,0,18,0,90,22,0,0,0,0,0,0,14,63,0,0,24,20
2025-08-08,0,0,0,0,100,0,0,0,0,16,0,0,0,100,0,94,0,0,0,0,0,0,-5,0,100,0,0,0,0,0,30,0,0,0,0,0,0,0,0,0,0,0,0,0
2025-08-11,0,0,-51,-6,0,0,0,-80,0,1,0,0,0,57,0,-57,0,0,0,0,0,0,0,0,0,0,17,0,-72,0,-75,0,0,0,0,0,0,0,-56,-31,0,0,0,-33
2025-08-12,0,0,-66,0,-10,0,0,0,0,0,0,7,0,47,0,-69,0,0,0,0,0,0,0,0,0,0,0,0,0,0,-93,0,0,0,0,0,0,0,0,-46,0,0,0,-34
2025-08-13,0,0,-66,0,-10,0,0,0,0,0,0,2,0,44,0,-69,0,0,0,0,0,0,0,0,0,0,1,0,0,0,-93,0,0,0,0,0,0,0,0,-46,0,0,0,-13
2025-08-14,0,0,-45,0,-3,0,0,0,0,0,0,1,0,43,0,-72,0,0,0,0,0,0,0,0,0,0,5,0,0,0,-81,0,0,0,0,0,0,0,0,-39,0,0,0,0
2025-08-15,0,0,0,0,-9,0,0,0,0,0,0,4,0,50,0,-88,0,0,0,0,0,0,0,0,0,0,0,0,0,0,-48,0,0,0,0,0,0,0,0,-54,0,0,0,0
2025-08-18,0,0,0,0,-9,0,0,0,0,0,0,6,0,45,0,-88,0,0,0,0,0,0,0,0,0,0,1,0,0,0,0,0,0,0,0,0,0,0,0,-36,0,0,0,0
2025-08-19,0,0,0,0,-9,0,0,0,0,0,0,4,0,25,0,-51,0,0,0,0,0,0,0,0,0,0,2,0,0,0,0,0,0,0,0,0,0,0,0,0,0,0,0,0
2025-08-20,0,0,0,0,0,0,0,0,0,0,0,0,0,0,0,0,0,0,0,0,0,0,0,0,0,0,0,0,0,0,0,0,0,0,0,0,0,0,0,0,0,0,0,0
2025-08-21,0,0,0,0,-13,0,0,0,0,0,0,3,0,0,0,0,0,0,0,0,0,0,0,0,0,0,0,0,0,0,0,0,0,0,0,0,0,0,0,0,0,0,0,0
2025-08-22,0,0,0,0,-20,0,0,0,0,0,0,4,0,0,0,0,0,0,0,0,0,0,0,0,0,0,4,0,0,0,0,0,0,0,0,0,0,0,0,0,0,0,0,0
2025-08-25,0,0,0,0,-5,-5,0,0,0,0,0,0,0,0,0,0,0,0,0,0,0,0,0,0,0,0,16,0,0,0,0,0,0,0,0,0,0,0,0,0,0,0,0,0
2025-08-26,0,0,0,0,-28,0,0,0,0,0,0,6,0,0,0,0,0,0,0,0,0,0,0,0,0,0,1,0,0,0,0,0,0,0,0,0,0,0,0,0,0,0,0,0
2025-08-27,0,0,0,0,-30,0,0,0,0,0,0,6,0,0,0,0,0,0,0,0,0,0,0,0,0,0,6,0,0,0,0,0,0,0,0,0,0,0,0,0,0,0,0,0
2025-08-28,0,0,0,0,-30,0,0,0,0,0,0,6,0,0,0,0,0,0,0,0,0,0,0,0,0,0,5,0,0,0,0,0,0,0,0,0,0,0,0,0,0,0,0,0
2025-08-29,0,0,0,0,-28,0,0,0,0,0,0,6,0,0,0,0,0,0,0,0,0,0,0,0,0,0,0,0,0,0,0,0,0,0,0,0,0,0,0,0,0,0,0,0
2025-09-01,0,0,0,0,-21,0,0,0,0,0,0,4,0,0,0,0,0,0,0,0,0,0,0,0,0,0,6,0,0,0,0,0,0,0,0,0,0,0,0,0,0,0,0,0
2025-09-02,0,0,0,0,-20,0,0,0,0,0,0,4,0,0,0,0,0,0,0,0,0,0,0,0,0,0,2,0,0,0,0,0,0,0,0,0,0,0,0,0,0,0,0,0
2025-09-03,0,0,0,0,-20,0,0,0,0,0,0,4,0,0,0,0,0,0,0,0,0,0,0,0,0,0,2,0,0,0,0,0,0,0,0,0,0,0,0,0,0,0,0,0
2025-09-04,0,0,0,0,-17,0,0,0,0,0,0,3,0,0,0,0,0,0,0,0,0,0,0,0,0,0,6,0,0,0,0,0,0,0,0,0,0,0,0,0,0,0,0,0
2025-09-05,0,0,0,0,-13,0,0,0,0,0,0,2,0,0,0,0,0,0,0,0,0,0,0,0,0,0,6,0,0,0,0,0,0,0,0,0,0,0,0,0,0,0,0,0
2025-09-08,0,0,0,0,-21,0,0,0,0,0,0,4,0,0,0,0,0,0,0,0,0,0,0,0,0,0,4,0,0,0,0,0,0,0,0,0,0,0,0,0,0,0,0,0
2025-09-09,0,0,0,0,0,0,0,0,0,0,0,0,0,0,0,0,0,0,0,0,0,0,0,0,0,0,0,0,0,0,0,0,0,0,0,0,0,0,0,0,0,0,0,0
2025-09-10,0,0,0,-2,0,0,0,0,0,0,0,0,0,0,0,0,0,0,0,0,0,0,0,0,0,0,5,0,0,0,0,0,0,0,0,0,0,0,0,0,0,0,0,0
2025-09-11,0,0,0,0,0,0,0,0,0,0,0,0,0,0,0,0,0,0,0,0,0,0,0,0,0,0,0,0,0,0,0,0,0,0,0,0,0,0,0,0,0,0,0,0
2025-09-12,0,0,0,0,0,0,0,0,0,0,0,0,0,0,0,0,0,0,0,0,0,0,0,0,0,0,0,0,0,0,0,0,0,0,0,0,0,0,0,0,0,0,0,0
2025-09-15,0,0,0,0,0,0,0,0,0,0,0,0,0,0,0,0,0,0,0,0,0,0,0,0,0,0,0,0,0,0,0,0,0,0,0,0,0,0,0,0,0,0,0,0
2025-09-16,0,0,0,-3,0,0,0,0,0,0,0,0,0,0,0,0,0,0,0,0,0,0,0,0,0,0,7,0,0,0,0,0,0,0,0,0,0,0,0,0,0,0,0,0
2025-09-17,0,0,0,-3,0,0,0,0,0,0,0,0,0,0,0,0,0,0,0,0,0,0,0,0,0,0,7,0,0,0,0,0,0,0,0,0,0,0,0,0,0,0,0,0
2025-09-18,0,0,0,-3,0,0,0,0,0,0,0,0,0,0,0,0,0,0,0,0,0,0,0,0,0,0,8,0,0,0,0,0,0,0,0,0,0,0,0,0,0,0,0,0
2025-09-19,-212,0,0,-167,-184,-79,0,0,-96,-345,0,-76,0,-811,0,0,0,-20,0,0,0,-164,-7,0,-500,0,-207,0,0,0,0,-88,0,0,0,0,0,0,0,0,0,0,-96,0
2025-09-22,53,0,57,46,100,21,0,20,24,82,0,0,0,100,0,100,0,5,0,0,0,41,3,0,100,0,24,0,18,0,90,22,0,0,0,0,0,0,14,63,0,0,24,20
2025-09-23,53,0,57,46,100,21,0,20,24,82,0,0,0,100,0,100,0,5,0,0,0,41,3,0,100,0,24,0,18,0,90,22,0,0,0,0,0,0,14,63,0,0,24,20
2025-09-24,53,0,57,46,100,21,0,20,24,82,0,0,0,100,0,100,0,5,0,0,0,41,3,0,100,0,24,0,18,0,90,22,0,0,0,0,0,0,14,63,0,0,24,20
2025-09-25,53,0,57,46,100,21,0,20,24,82,0,0,0,100,0,100,0,5,0,0,0,41,3,0,100,0,24,0,18,0,90,22,0,0,0,0,0,0,14,63,0,0,24,20
2025-09-26,0,0,0,0,100,0,0,0,0,0,0,0,0,100,0,81,0,0,0,0,0,0,-5,0,100,0,0,0,0,0,9,0,0,0,0,0,0,0,0,0,0,0,0,0
2025-09-30,0,0,-66,0,-10,0,0,-80,0,0,0,3,0,71,0,-69,0,0,0,0,0,0,0,0,0,0,9,0,-72,0,-93,0,0,0,0,0,0,0,-56,-46,0,0,0,-34
2025-10-01,0,0,-66,0,-9,0,0,0,0,0,0,1,0,49,0,-69,0,0,0,0,0,0,0,0,0,0,7,0,0,0,-92,0,0,0,0,0,0,0,0,-45,0,0,0,-34
2025-10-02,0,0,-51,-6,0,0,0,0,0,0,0,0,0,36,0,-57,0,0,0,0,0,0,0,0,0,0,56,0,0,0,-75,0,0,0,0,0,0,0,0,-31,0,0,0,-12
2025-10-03,1,0,-36,-8,0,0,0,0,0,0,0,0,0,16,0,-30,0,0,0,0,0,0,0,0,10,0,100,0,0,0,-51,0,0,0,0,0,0,0,0,-11,0,0,1,0
2025-10-07,0,0,-9,-6,0,0,0,0,0,0,0,0,0,35,0,-56,0,0,0,0,0,0,0,0,0,0,65,0,0,0,-58,0,0,0,0,0,0,0,0,-31,0,0,0,0
2025-10-08,0,0,0,-10,-2,0,0,0,0,0,0,5,0,42,0,-71,0,0,0,0,0,0,0,0,0,0,6,0,0,0,0,0,0,0,0,0,0,0,0,-38,0,0,0,0
2025-10-09,0,0,0,-10,-2,0,0,0,0,0,0,1,0,43,0,-71,0,0,0,0,0,0,0,0,0,0,2,0,0,0,0,0,0,0,0,0,0,0,0,-38,0,0,0,0
2025-10-13,0,0,0,0,-12,0,0,0,0,0,0,1,0,32,0,-58,0,0,0,0,0,0,0,0,0,0,10,0,0,0,0,0,0,0,0,0,0,0,0,-12,0,0,0,0
2025-10-14,0,0,0,0,-14,0,0,0,0,0,0,2,0,0,0,0,0,0,0,0,0,0,0,0,0,0,4,0,0,0,0,0,0,0,0,0,0,0,0,0,0,0,0,0
2025-10-15,0,0,0,0,-13,0,0,0,0,0,0,2,0,0,0,0,0,0,0,0,0,0,0,0,0,0,1,0,0,0,0,0,0,0,0,0,0,0,0,0,0,0,0,0
2025-10-16,0,0,0,-6,-9,0,0,0,0,0,0,2,0,0,0,0,0,0,0,0,0,0,0,0,0,0,9,0,0,0,0,0,0,0,0,0,0,0,0,0,0,0,0,0
2025-10-17,0,0,0,-4,-9,0,0,0,0,0,0,2,0,0,0,0,0,0,0,0,0,0,0,0,0,0,5,0,0,0,0,0,0,0,0,0,0,0,0,0,0,0,0,0
2025-10-20,0,0,0,-5,-9,0,0,0,0,0,0,2,0,0,0,0,0,0,0,0,0,0,0,0,0,0,5,0,0,0,0,0,0,0,0,0,0,0,0,0,0,0,0,0
2025-10-21,0,0,0,-3,-9,0,0,0,0,0,0,1,0,0,0,0,0,0,0,0,0,0,0,0,0,0,12,0,0,0,0,0,0,0,0,0,0,0,0,0,0,0,0,0
2025-10-22,0,0,0,-3,-9,0,0,0,0,0,0,1,0,0,0,0,0,0,0,0,0,0,0,0,0,0,11,0,0,0,0,0,0,0,0,0,0,0,0,0,0,0,0,0
2025-10-23,0,0,0,-3,-9,0,0,0,0,0,0,1,0,0,0,0,0,0,0,0,0,0,0,0,0,0,11,0,0,0,0,0,0,0,0,0,0,0,0,0,0,0,0,0
2025-10-27,-213,0,0,-120,-384,-84,0,0,-96,-328,0,-24,0,-824,0,0,0,-20,0,0,0,-164,-7,0,-510,0,-409,0,0,0,0,-88,0,0,0,0,0,0,0,0,0,0,-97,0
2025-10-28,53,0,57,46,100,21,0,20,24,82,0,0,0,100,0,100,0,5,0,0,0,41,3,0,100,0,24,0,18,0,90,22,0,0,0,0,0,0,14,63,0,0,24,20
2025-10-29,53,0,57,46,100,21,0,20,24,82,0,0,0,100,0,100,0,5,0,0,0,41,3,0,100,0,24,0,18,0,90,22,0,0,0,0,0,0,14,63,0,0,24,20
2025-10-30,53,0,57,46,100,21,0,20,24,82,0,0,0,100,0,100,0,5,0,0,0,41,3,0,100,0,24,0,18,0,90,22,0,0,0,0,0,0,14,63,0,0,24,20
2025-10-31,53,0,57,46,100,21,0,20,24,82,0,0,0,100,0,100,0,5,0,0,0,41,3,0,100,0,24,0,18,0,90,22,0,0,0,0,0,0,14,63,0,0,24,20
2025-11-03,0,0,0,0,100,0,0,0,0,0,0,0,0,100,0,0,0,0,0,0,0,0,0,0,79,0,0,0,0,0,0,0,0,0,0,0,0,0,0,0,0,0,0,0
2025-11-04,0,0,-58,0,-10,0,0,-80,0,0,0,4,0,57,0,-62,0,0,0,0,0,0,0,0,0,0,4,0,-72,0,-84,0,0,0,0,0,0,0,-56,-40,0,0,0,-32
2025-11-05,0,0,-66,0,-10,0,0,0,0,0,0,1,0,47,0,-69,0,0,0,0,0,0,0,0,0,0,2,0,0,0,-93,0,0,0,0,0,0,0,0,-46,0,0,0,-34
2025-11-06,0,0,-66,0,-10,0,0,0,0,0,0,3,0,44,0,-69,0,0,0,0,0,0,0,0,0,0,12,0,0,0,-93,0,0,0,0,0,0,0,0,-46,0,0,0,-14
2025-11-07,0,0,-38,0,-10,0,0,0,0,0,0,0,0,44,0,-69,0,0,0,0,0,0,0,0,0,0,14,0,0,0,-90,0,0,0,0,0,0,0,0,-46,0,0,0,0
2025-11-10,0,0,0,0,-13,0,0,0,0,0,0,2,0,45,0,-78,0,0,0,0,0,0,0,0,0,0,8,0,0,0,0,0,0,0,0,0,0,0,0,-45,0,0,0,0
2025-11-11,0,0,0,0,-14,0,0,0,0,0,0,2,0,31,0,-53,0,0,0,0,0,0,0,0,0,0,11,0,0,0,0,0,0,0,0,0,0,0,0,-29,0,0,0,0
2025-11-12,0,0,0,-3,-9,0,0,0,0,0,0,1,0,0,0,0,0,0,0,0,0,0,0,0,0,0,13,0,0,0,0,0,0,0,0,0,0,0,0,0,0,0,0,0
2025-11-13,0,0,0,-3,-9,0,0,0,0,0,0,2,0,0,0,0,0,0,0,0,0,0,0,0,0,0,0,0,0,0,0,0,0,0,0,0,0,0,0,0,0,0,0,0
2025-11-14,0,0,0,-1,0,0,0,0,0,0,0,0,0,0,0,0,0,0,0,0,0,0,0,0,0,0,3,0,0,0,0,0,0,0,0,0,0,0,0,0,0,0,0,0
2025-11-17,0,0,0,-1,0,0,0,0,0,0,0,0,0,0,0,0,0,0,0,0,0,0,0,0,0,0,4,0,0,0,0,0,0,0,0,0,0,0,0,0,0,0,0,0
2025-11-18,0,0,0,0,-2,0,0,0,0,0,0,0,0,0,0,0,0,0,0,0,0,0,0,0,0,0,4,0,0,0,0,0,0,0,0,0,0,0,0,0,0,0,0,0
2025-11-19,0,0,0,-1,0,0,0,0,0,0,0,0,0,0,0,0,0,0,0,0,0,0,0,0,0,0,4,0,0,0,0,0,0,0,0,0,0,0,0,0,0,0,0,0
2025-11-20,0,0,0,0,-2,0,0,0,0,0,0,0,0,0,0,0,0,0,0,0,0,0,0,0,0,0,4,0,0,0,0,0,0,0,0,0,0,0,0,0,0,0,0,0
2025-11-21,0,0,0,0,-2,0,0,0,0,0,0,0,0,0,0,0,0,0,0,0,0,0,0,0,0,0,4,0,0,0,0,0,0,0,0,0,0,0,0,0,0,0,0,0
2025-11-24,0,0,0,0,0,0,0,0,0,0,0,0,0,0,0,0,0,0,0,0,0,0,0,0,0,0,0,0,0,0,0,0,0,0,0,0,0,0,0,0,0,0,0,0
2025-11-25,0,0,0,0,-2,0,0,0,0,0,0,0,0,0,0,0,0,0,0,0,0,0,0,0,0,0,4,0,0,0,0,0,0,0,0,0,0,0,0,0,0,0,0,0
2025-11-26,0,0,0,-1,0,0,0,0,0,0,0,0,0,0,0,0,0,0,0,0,0,0,0,0,0,0,3,0,0,0,0,0,0,0,0,0,0,0,0,0,0,0,0,0
2025-11-27,0,0,0,-1,0,0,0,0,0,0,0,0,0,0,0,0,0,0,0,0,0,0,0,0,0,0,4,0,0,0,0,0,0,0,0,0,0,0,0,0,0,0,0,0
2025-11-28,0,0,0,-1,0,0,0,0,0,0,0,0,0,0,0,0,0,0,0,0,0,0,0,0,0,0,3,0,0,0,0,0,0,0,0,0,0,0,0,0,0,0,0,0
2025-12-01,0,0,0,-1,0,0,0,0,0,0,0,0,0,0,0,0,0,0,0,0,0,0,0,0,0,0,4,0,0,0,0,0,0,0,0,0,0,0,0,0,0,0,0,0
2025-12-02,0,0,0,-1,0,0,0,0,0,0,0,0,0,0,0,0,0,0,0,0,0,0,0,0,0,0,4,0,0,0,0,0,0,0,0,0,0,0,0,0,0,0,0,0
2025-12-03,0,0,0,-3,-8,0,0,0,0,0,0,2,0,0,0,0,0,0,0,0,0,0,0,0,0,0,2,0,0,0,0,0,0,0,0,0,0,0,0,0,0,0,0,0
2025-12-04,0,0,0,0,0,0,0,0,0,0,0,0,0,0,0,0,0,0,0,0,0,0,0,0,0,0,0,0,0,0,0,0,0,0,0,0,0,0,0,0,0,0,0,0
2025-12-05,0,0,0,0,0,0,0,0,0,0,0,0,0,0,0,0,0,0,0,0,0,0,0,0,0,0,0,0,0,0,0,0,0,0,0,0,0,0,0,0,0,0,0,0
2025-12-08,0,0,0,0,-3,0,0,0,0,0,0,0,0,0,0,0,0,0,0,0,0,0,0,0,0,0,6,0,0,0,0,0,0,0,0,0,0,0,0,0,0,0,0,0
2025-12-09,0,0,0,0,0,0,0,0,0,0,0,0,0,0,0,0,0,0,0,0,0,0,0,0,0,0,0,0,0,0,0,0,0,0,0,0,0,0,0,0,0,0,0,0
2025-12-10,0,0,0,0,0,0,0,0,0,0,0,0,0,0,0,0,0,0,0,0,0,0,0,0,0,0,0,0,0,0,0,0,0,0,0,0,0,0,0,0,0,0,0,0
2025-12-11,0,0,0,0,0,0,0,0,0,0,0,0,0,0,0,0,0,0,0,0,0,0,0,0,0,0,0,0,0,0,0,0,0,0,0,0,0,0,0,0,0,0,0,0
2025-12-12,0,0,0,0,0,0,0,0,0,0,0,0,0,0,0,0,0,0,0,0,0,0,0,0,0,0,0,0,0,0,0,0,0,0,0,0,0,0,0,0,0,0,0,0
2025-12-15,0,0,0,0,0,0,0,0,0,0,0,0,0,0,0,0,0,0,0,0,0,0,0,0,0,0,0,0,0,0,0,0,0,0,0,0,0,0,0,0,0,0,0,0
2025-12-16,0,0,0,0,0,0,0,0,0,0,0,0,0,0,0,0,0,0,0,0,0,0,0,0,0,0,0,0,0,0,0,0,0,0,0,0,0,0,0,0,0,0,0,0
2025-12-17,0,0,0,0,0,0,0,0,0,0,0,0,0,0,0,0,0,0,0,0,0,0,0,0,0,0,0,0,0,0,0,0,0,0,0,0,0,0,0,0,0,0,0,0
2025-12-18,0,0,0,0,0,0,0,0,0,0,0,0,0,0,0,0,0,0,0,0,0,0,0,0,0,0,0,0,0,0,0,0,0,0,0,0,0,0,0,0,0,0,0,0
2025-12-19,0,0,0,0,0,0,0,0,0,0,0,0,0,0,0,0,0,0,0,0,0,0,0,0,0,0,0,0,0,0,0,0,0,0,0,0,0,0,0,0,0,0,0,0
2025-12-22,0,0,0,0,0,0,0,0,0,0,0,0,0,0,0,0,0,0,0,0,0,0,0,0,0,0,0,0,0,0,0,0,0,0,0,0,0,0,0,0,0,0,0,0
2025-12-23,0,0,0,0,0,0,0,0,0,0,0,0,0,0,0,0,0,0,0,0,0,0,0,0,0,0,0,0,0,0,0,0,0,0,0,0,0,0,0,0,0,0,0,0
2025-12-24,0,0,0,0,0,0,0,0,0,0,0,0,0,0,0,0,0,0,0,0,0,0,0,0,0,0,0,0,0,0,0,0,0,0,0,0,0,0,0,0,0,0,0,0
2025-12-26,0,0,0,0,0,0,0,0,0,0,0,0,0,0,0,0,0,0,0,0,0,0,0,0,0,0,0,0,0,0,0,0,0,0,0,0,0,0,0,0,0,0,0,0
2025-12-29,0,0,0,0,0,0,0,0,0,0,0,0,0,0,0,0,0,0,0,0,0,0,0,0,0,0,0,0,0,0,0,0,0,0,0,0,0,0,0,0,0,0,0,0
2025-12-30,0,0,0,0,0,0,0,0,0,0,0,0,0,0,0,0,0,0,0,0,0,0,0,0,0,0,0,0,0,0,0,0,0,0,0,0,0,0,0,0,0,0,0,0
2025-12-31,0,0,0,0,0,0,0,0,0,0,0,0,0,0,0,0,0,0,0,0,0,0,0,0,0,0,0,0,0,0,0,0,0,0,0,0,0,0,0,0,0,0,0,0
2026-01-02,0,0,0,0,0,0,0,0,0,0,0,0,0,0,0,0,0,0,0,0,0,0,0,0,0,0,0,0,0,0,0,0,0,0,0,0,0,0,0,0,0,0,0,0
2026-01-05,0,0,0,0,0,0,0,0,0,0,0,0,0,0,0,0,0,0,0,0,0,0,0,0,0,0,0,0,0,0,0,0,0,0,0,0,0,0,0,0,0,0,0,0
2026-01-06,0,0,0,0,0,0,0,0,0,0,0,0,0,0,0,0,0,0,0,0,0,0,0,0,0,0,0,0,0,0,0,0,0,0,0,0,0,0,0,0,0,0,0,0
2026-01-07,0,0,0,0,0,0,0,0,0,0,0,0,0,0,0,0,0,0,0,0,0,0,0,0,0,0,0,0,0,0,0,0,0,0,0,0,0,0,0,0,0,0,0,0
2026-01-08,0,0,0,-1,0,0,0,0,0,0,0,0,0,0,0,0,0,0,0,0,0,0,0,0,0,0,3,0,0,0,0,0,0,0,0,0,0,0,0,0,0,0,0,0
2026-01-09,0,0,0,0,0,0,0,0,0,0,0,0,0,0,0,0,0,0,0,0,0,0,0,0,0,0,0,0,0,0,0,0,0,0,0,0,0,0,0,0,0,0,0,0
2026-01-12,0,0,0,-1,0,0,0,0,0,0,0,0,0,0,0,0,0,0,0,0,0,0,0,0,0,0,4,0,0,0,0,0,0,0,0,0,0,0,0,0,0,0,0,0
2026-01-13,0,0,0,-1,0,0,0,0,0,0,0,0,0,0,0,0,0,0,0,0,0,0,0,0,0,0,4,0,0,0,0,0,0,0,0,0,0,0,0,0,0,0,0,0
2026-01-14,0,0,0,-1,0,0,0,0,0,0,0,0,0,0,0,0,0,0,0,0,0,0,0,0,0,0,3,0,0,0,0,0,0,0,0,0,0,0,0,0,0,0,0,0
2026-01-15,0,0,0,-1,0,0,0,0,0,0,0,0,0,0,0,0,0,0,0,0,0,0,0,0,0,0,4,0,0,0,0,0,0,0,0,0,0,0,0,0,0,0,0,0
2026-01-16,0,0,0,-1,0,0,0,0,0,0,0,0,0,0,0,0,0,0,0,0,0,0,0,0,0,0,4,0,0,0,0,0,0,0,0,0,0,0,0,0,0,0,0,0
2026-01-19,0,0,0,-1,0,0,0,0,0,0,0,0,0,0,0,0,0,0,0,0,0,0,0,0,0,0,5,0,0,0,0,0,0,0,0,0,0,0,0,0,0,0,0,0
2026-01-20,0,0,0,-1,0,0,0,0,0,0,0,0,0,0,0,0,0,0,0,0,0,0,0,0,0,0,4,0,0,0,0,0,0,0,0,0,0,0,0,0,0,0,0,0
2026-01-21,0,0,0,-1,0,0,0,0,0,0,0,0,0,0,0,0,0,0,0,0,0,0,0,0,0,0,4,0,0,0,0,0,0,0,0,0,0,0,0,0,0,0,0,0
2026-01-22,0,0,0,-1,0,0,0,0,0,0,0,0,0,0,0,0,0,0,0,0,0,0,0,0,0,0,4,0,0,0,0,0,0,0,0,0,0,0,0,0,0,0,0,0
2026-01-23,0,0,0,-1,0,0,0,0,0,0,0,0,0,0,0,0,0,0,0,0,0,0,0,0,0,0,5,0,0,0,0,0,0,0,0,0,0,0,0,0,0,0,0,0
2026-01-26,0,0,0,-1,0,0,0,0,0,0,0,0,0,0,0,0,0,0,0,0,0,0,0,0,0,0,4,0,0,0,0,0,0,0,0,0,0,0,0,0,0,0,0,0
2026-01-27,0,0,0,-1,0,0,0,0,0,0,0,0,0,0,0,0,0,0,0,0,0,0,0,0,0,0,4,0,0,0,0,0,0,0,0,0,0,0,0,0,0,0,0,0
2026-01-28,0,0,0,-1,0,0,0,0,0,0,0,0,0,0,0,0,0,0,0,0,0,0,0,0,0,0,5,0,0,0,0,0,0,0,0,0,0,0,0,0,0,0,0,0
2026-01-29,0,0,0,-1,0,0,0,0,0,0,0,0,0,0,0,0,0,0,0,0,0,0,0,0,0,0,4,0,0,0,0,0,0,0,0,0,0,0,0,0,0,0,0,0
2026-01-30,0,0,0,-1,0,0,0,0,0,0,0,0,0,0,0,0,0,0,0,0,0,0,0,0,0,0,4,0,0,0,0,0,0,0,0,0,0,0,0,0,0,0,0,0
2026-02-02,0,0,0,-1,0,0,0,0,0,0,0,0,0,0,0,0,0,0,0,0,0,0,0,0,0,0,4,0,0,0,0,0,0,0,0,0,0,0,0,0,0,0,0,0
2026-02-03,0,0,0,-1,0,0,0,0,0,0,0,0,0,0,0,0,0,0,0,0,0,0,0,0,0,0,4,0,0,0,0,0,0,0,0,0,0,0,0,0,0,0,0,0
2026-02-04,0,0,0,-1,0,0,0,0,0,0,0,0,0,0,0,0,0,0,0,0,0,0,0,0,0,0,4,0,0,0,0,0,0,0,0,0,0,0,0,0,0,0,0,0
2026-02-05,0,0,0,-1,0,0,0,0,0,0,0,0,0,0,0,0,0,0,0,0,0,0,0,0,0,0,4,0,0,0,0,0,0,0,0,0,0,0,0,0,0,0,0,0
2026-02-06,0,0,0,-1,0,0,0,0,0,0,0,0,0,0,0,0,0,0,0,0,0,0,0,0,0,0,4,0,0,0,0,0,0,0,0,0,0,0,0,0,0,0,0,0
2026-02-09,0,0,0,-1,0,0,0,0,0,0,0,0,0,0,0,0,0,0,0,0,0,0,0,0,0,0,4,0,0,0,0,0,0,0,0,0,0,0,0,0,0,0,0,0
2026-02-10,0,0,0,-1,0,0,0,0,0,0,0,0,0,0,0,0,0,0,0,0,0,0,0,0,0,0,4,0,0,0,0,0,0,0,0,0,0,0,0,0,0,0,0,0
2026-02-11,0,0,0,-1,0,0,0,0,0,0,0,0,0,0,0,0,0,0,0,0,0,0,0,0,0,0,4,0,0,0,0,0,0,0,0,0,0,0,0,0,0,0,0,0
2026-02-23,-212,0,0,-143,-396,-84,0,0,-96,-328,0,-17,0,-768,0,0,0,-20,0,0,0,-164,-12,0,-479,0,-310,0,0,0,0,-88,0,0,0,0,0,0,0,0,0,0,-96,0
2026-02-24,53,0,57,46,100,21,0,20,24,82,0,0,0,100,0,100,0,5,0,0,0,41,3,0,100,0,24,0,18,0,90,22,0,0,0,0,0,0,14,63,0,0,24,20
2026-02-25,53,0,57,46,100,21,0,20,24,82,0,0,0,100,0,100,0,5,0,0,0,41,3,0,100,0,24,0,18,0,90,22,0,0,0,0,0,0,14,63,0,0,24,20
2026-02-26,-106,0,-114,-92,-200,-42,0,-40,-48,-164,0,0,0,-200,0,-200,0,-10,0,0,0,-82,-6,0,-200,0,-48,0,-36,0,-180,-44,0,0,0,0,0,0,-28,-126,0,0,-48,-40
2026-03-02,0,0,0,0,0,0,0,0,0,0,0,0,0,0,0,0,0,0,0,0,0,0,0,0,0,0,0,0,0,0,0,0,0,0,0,0,0,0,0,0,0,0,0,0
2026-03-03,53,0,57,46,100,21,0,20,24,82,0,0,0,100,0,100,0,5,0,0,0,41,3,0,100,0,24,0,18,0,90,22,0,0,0,0,0,0,14,63,0,0,24,20
2026-03-04,53,0,57,46,100,21,0,20,24,82,0,0,0,100,0,100,0,5,0,0,0,41,3,0,100,0,24,0,18,0,90,22,0,0,0,0,0,0,14,63,0,0,24,20
2026-03-05,53,0,57,46,100,21,0,20,24,82,0,0,0,100,0,100,0,5,0,0,0,41,3,0,100,0,24,0,18,0,90,22,0,0,0,0,0,0,14,63,0,0,24,20
2026-03-06,53,0,57,46,100,21,0,20,24,82,0,0,0,100,0,100,0,5,0,0,0,41,3,0,100,0,24,0,18,0,90,22,0,0,0,0,0,0,14,63,0,0,24,20
2026-03-09,-212,0,-228,-184,-400,-84,0,-80,-96,-328,0,0,0,-400,0,-400,0,-20,0,0,0,-164,-12,0,-400,0,-96,0,-72,0,-360,-88,0,0,0,0,0,0,-56,-252,0,0,-96,-80
2026-03-10,53,0,57,46,100,21,0,20,24,82,0,0,0,100,0,100,0,5,0,0,0,41,3,0,100,0,24,0,18,0,90,22,0,0,0,0,0,0,14,63,0,0,24,20
2026-03-11,53,0,57,46,100,21,0,20,24,82,0,0,0,100,0,100,0,5,0,0,0,41,3,0,100,0,24,0,18,0,90,22,0,0,0,0,0,0,14,63,0,0,24,20
2026-03-12,53,0,57,46,100,21,0,20,24,82,0,0,0,100,0,100,0,5,0,0,0,41,3,0,100,0,24,0,18,0,90,22,0,0,0,0,0,0,14,63,0,0,24,20
2026-03-13,53,0,57,46,100,21,0,20,24,82,0,0,0,100,0,100,0,5,0,0,0,41,3,0,100,0,24,0,18,0,90,22,0,0,0,0,0,0,14,63,0,0,24,20
2026-03-16,0,0,0,0,100,0,0,0,0,5,0,0,0,100,0,2,0,0,0,0,0,0,0,0,100,0,1,0,0,0,9,0,0,0,0,0,0,0,0,0,0,0,0,0
2026-03-17,0,0,-82,-4,-18,0,0,-80,0,0,0,4,0,59,0,-94,0,0,0,0,0,0,0,0,0,0,3,0,-72,0,-100,0,0,0,0,0,0,0,-56,-66,0,0,0,-44
2026-03-18,0,0,-72,-3,-9,0,0,0,0,0,0,4,0,34,0,-84,0,0,0,0,0,0,0,0,0,0,10,0,0,0,-89,0,0,0,0,0,0,0,0,-48,0,0,0,-36
2026-03-19,0,0,-71,-3,-7,0,0,0,0,0,0,4,0,31,0,-82,0,0,0,0,0,0,0,0,0,0,12,0,0,0,-86,0,0,0,0,0,0,0,0,-45,0,0,0,0
2026-03-20,0,0,-3,-1,0,0,0,0,0,0,0,0,0,24,0,-68,0,0,0,0,0,0,0,0,0,0,12,0,0,0,-75,0,0,0,0,0,0,0,0,-34,0,0,0,0
2026-03-23,0,0,0,-1,0,0,0,0,0,0,0,2,0,23,0,-68,0,0,0,0,0,0,0,0,0,0,0,0,0,0,-19,0,0,0,0,0,0,0,0,-34,0,0,0,0
2026-03-24,0,0,0,-1,0,0,0,0,0,0,0,0,0,4,0,-6,0,0,0,0,0,0,0,0,0,0,0,0,0,0,0,0,0,0,0,0,0,0,0,-25,0,0,0,0
2026-03-25,0,0,0,-1,0,0,0,0,0,0,0,0,0,0,0,0,0,0,0,0,0,0,0,0,0,0,4,0,0,0,0,0,0,0,0,0,0,0,0,0,0,0,0,0
2026-03-26,0,0,0,-1,0,0,0,0,0,0,0,0,0,0,0,0,0,0,0,0,0,0,0,0,0,0,4,0,0,0,0,0,0,0,0,0,0,0,0,0,0,0,0,0
2026-03-27,0,0,0,-1,0,0,0,0,0,0,0,0,0,0,0,0,0,0,0,0,0,0,0,0,0,0,3,0,0,0,0,0,0,0,0,0,0,0,0,0,0,0,0,0
2026-03-30,0,0,0,-1,0,0,0,0,0,0,0,0,0,0,0,0,0,0,0,0,0,0,0,0,0,0,5,0,0,0,0,0,0,0,0,0,0,0,0,0,0,0,0,0
