date,a2c,ppo,ddpg,td3,sac,mvo,twii,0050
2024-01-02,1000000.0,1000000.0,1000000.0,1000000.0,1000000.0,987624.3375226462,1000000.0,1000000.0
2024-01-03,998011.0093314248,999734.9565110364,984992.7488163972,978632.9807951092,989677.6111546473,975030.9477226143,983507.7192358709,982579.7557372032
2024-01-04,999134.8530651327,999770.4995130005,977654.184969932,971427.307689487,983304.6662885727,972985.8914251947,982966.6479782303,982209.0881758971
2024-01-05,996105.6277247556,999447.4476599509,965903.4511061274,960452.6724813571,968256.5497910538,968718.9776527778,981257.77735235,979614.5283586135
2024-01-08,1000753.0191765518,1000239.0610733512,966712.394791659,961995.719842731,967427.6970843762,976765.9559780842,984255.4390187204,984062.3128705686
2024-01-09,1003894.6306207357,1001011.4651737433,966979.3783312403,960924.9957101932,968840.4679148606,980589.0607116297,982173.5289693555,985915.53756524
2024-01-10,996694.1896023129,999810.7288220451,952303.7348776422,951330.4132392993,954368.2953770991,972456.0564964797,978260.6626646065,980726.5310425316
2024-01-11,1003458.8875016023,1001033.9548773775,961723.7867041193,954710.9819877734,960682.9872697506,981251.0964464006,982724.1176551026,984803.6479931808
2024-01-12,995953.8985363077,1000230.6556567906,969233.1126986109,962101.5987041583,965896.1358643488,978983.9093178719,980904.3197637051,983320.9777479564
2024-01-15,1005204.2124370169,1001070.3700376349,968521.2139807306,965657.0264356723,965592.8390843542,979596.7638240297,982808.1335721806,983320.9777479564
2024-01-16,992545.9458521956,998674.2822519462,957131.6142569147,952393.2796028247,954741.4889072771,966593.6822653604,971608.7461882427,975908.0789692705
2024-01-17,976404.5851789018,996965.5393950975,934171.7439508997,927473.9358947864,937929.687320591,954719.4813218866,961242.2978572113,944773.9267211609
2024-01-18,969985.8123710561,997152.447106151,932261.027106341,930493.0840805164,940403.1204283959,950146.0015498202,964938.998208645,951074.9359277876
2024-01-19,991057.8363188753,1004299.4778012269,941115.0824118219,940523.9028747668,954050.3783095164,966034.8085097561,990352.7191674985,985174.202442628
2024-01-22,1024537.5376814351,1008259.3770170849,946939.844809588,938666.2129924884,965776.6641264358,977850.949554314,997834.621012184,991845.8792105607
2024-01-23,1002038.9328667128,1005544.6303579556,952689.5373659693,946403.7899120441,954917.6813002753,978533.4027693095,1001166.7054109861,993699.1039052322
2024-01-24,1000080.2806841132,1005200.9464746437,955578.4645128809,952399.9620311847,959663.2152775896,977798.7069520879,1001236.171696591,993328.4363439261
2024-01-25,985984.0517443221,1006650.5017650408,955336.3097715937,957947.3124874225,959304.8991365213,978993.3373103272,1008337.7046041926,1005559.6740840145
2024-01-26,984343.7977181391,1006127.1927863793,941788.0862780176,945824.1447008243,955065.7547795376,977594.221510534,1007912.5928154357,1005559.6740840145
2024-01-29,999651.6581858088,1009784.0336342509,954849.0904913507,954881.1148203006,960956.3911740575,983392.340403487,1014891.6025106318,1011860.6832906412
2024-01-30,988848.7801386025,1006657.4747986804,947894.1495199762,948595.5853117099,958755.9279964407,978777.1032712439,1010130.7005428764,1009266.1234733575
2024-01-31,1003099.1893095688,1006515.7400219059,944446.2561750971,946308.0267465701,965274.1834896645,977843.6761146641,1002005.223645886,995922.9961612098
2024-02-01,1025247.1111397254,1013367.0860238471,940520.0980082117,939521.6186473956,973489.355931434,988533.0896275572,1006404.791532771,995922.9961612098
2024-02-02,1050271.784352897,1019594.5166005185,933477.8616209589,932562.8152111163,981619.6472340391,997489.6726838038,1011547.7033734907,1001482.6702452241
2024-02-05,1032502.1871813876,1017431.5831672951,928501.4201098047,929096.0354183307,973367.353574352,995874.2009472791,1013571.9618755896,1007783.5663399921
2024-02-15,1019479.8720763564,1028457.7507102317,937459.1508417688,946811.0325763812,975543.9235630234,1004675.7182756502,1044293.7822204597,1055226.1863906977
2024-02-16,1047141.2479714327,1031325.3975519412,940576.5468569361,948324.7795856586,984638.1227920027,1007639.320544929,1042203.4487002421,1047442.6200507059
2024-02-19,1056921.9661876257,1034716.3805871741,942477.1299067102,955784.1485212436,990961.6097447844,1009535.0243132019,1043802.5954135841,1045960.0629173404
2024-02-20,1064696.1173252459,1039913.0799320841,955456.5474329554,975882.599495708,1000225.2074267836,1014830.5527128291,1050375.965759138,1050037.0667561304
2024-02-21,1035842.1161591745,1031212.4752061731,953896.0350256525,976604.267871677,990512.5990059995,1010201.4402193814,1046071.572153318,1046701.2849280937
2024-02-22,1022856.8831912593,1031959.6569191504,964551.6945944391,993966.5724151721,987517.9965106029,1010612.5332448804,1055955.6947312283,1058561.9682187347
2024-02-23,1016492.9762863363,1030129.0292248919,963042.646788653,1002302.7872150531,994843.7569918727,1002204.8727612224,1057995.0498434275,1065604.1994361146
2024-02-26,1003137.7377853597,1028513.2223281024,976550.2120848261,1017411.5506017795,991388.4597212761,1005345.7884923659,1061291.9088186629,1067086.75656948
2024-02-27,975455.328619274,1015067.4996546599,971532.6300955378,1022267.4756515613,978504.8114861401,994724.6556834001,1056047.0401619058,1062639.0851693838
2024-02-29,1004726.0081356175,1022438.0107573052,970971.4410658441,1020844.6106460681,994320.932399789,1005047.941779796,1062340.3574505325,1062268.4176080779
2024-03-01,984170.9953707891,1014941.0206839432,964618.5049715601,1012976.3191927066,982916.0044066708,1002275.705019309,1060612.998947066,1058561.9682187347
2024-03-04,989933.6767853933,1033203.8392166027,965868.0253191553,1019251.4454811206,988453.7214144759,1003017.4395354562,1081302.2467147096,1089325.4529055383
2024-03-05,995361.9472054676,1036442.2974563139,965351.1606951319,1019390.0961845508,991282.6834619772,1005498.2884172174,1085873.2377032368,1098220.9088175895
2024-03-06,999215.9797820286,1038232.449271048,970952.4997892939,1028600.5821436038,997997.5647766163,1008382.2952453755,1092176.0724199703,1103410.0284521568
2024-03-07,992095.5694140629,1044910.7335993736,962342.1027727686,1031216.5831668964,998052.9856840579,1000470.5233485738,1103046.0692748432,1128984.506616252
2024-03-08,981320.7170151905,1049052.1051460234,952825.6740103327,1023399.1412952533,987648.5645440349,1000130.927237183,1108187.8871583093,1144922.1937456832
2024-03-11,979930.2315978245,1042911.4501360995,958912.3428221308,1026061.440080463,990042.0415140857,1004966.3856211908,1104869.8054123535,1133432.1780163483
2024-03-12,965519.7598904804,1042695.852257576,960837.2632284723,1029861.6613147845,985398.6277776523,1006327.5841639474,1115426.1647226133,1145292.8613069896
2024-03-13,953770.5691250996,1041298.9719630197,953172.5873671137,1023083.4931858173,982659.3860397602,999652.7531495348,1116208.015971776,1150852.535391004
2024-03-14,951587.1741055683,1044572.8591467232,956420.8312311731,1019082.4591367831,984222.7426595299,1004760.9201016471,1116735.0845765702,1149740.6458189446
2024-03-15,927867.5979823307,1015374.3510496761,951254.4416933618,1011832.6944616428,977916.2176562638,999579.0884921474,1102428.8585923505,1134173.5131389603
2024-03-18,923761.806317757,1010881.3405069059,947045.14168511,1007355.4008185621,973588.964956399,1001319.8743254675,1113482.530870106,1144551.5261843773
2024-03-19,923761.806317757,1010881.3405069059,947045.14168511,1007355.4008185621,973588.964956399,992303.4766993062,1112213.8686430827,1141957.0794789523
2024-03-20,921962.8606588294,1010725.537627456,954276.0649428925,1013417.2218055578,980503.387125034,990497.9086994005,1108139.096664798,1135656.070272326
2024-03-21,929572.1156223373,1011825.7054260839,956571.745359773,1013525.276332683,976518.3769831627,1003961.4014929674,1131363.3715762557,1166790.2225204355
2024-03-22,941375.3943532186,1012381.0532667221,954453.4948510716,1005470.3004415698,969277.0009647981,1007849.4424755484,1133006.714162644,1165307.66538707
2024-03-25,934586.8215218628,1012004.3449850371,955423.2563409398,1005393.4848888583,971481.3153595725,1005910.7540321099,1130980.2677460378,1167531.5576430473
2024-03-26,917562.4559542541,1011346.6803790858,946595.39075752,999832.6331213183,963737.1567242801,1000081.9682841713,1127297.0230688236,1168272.8927656596
2024-03-27,913004.297637168,1010983.649862892,947340.2193460057,1007394.6568372912,963073.2863900271,1004562.0383615397,1131421.0231235216,1168643.4472151068
2024-03-28,910710.4672090921,1010242.9499715255,950493.6519498418,1002648.832007236,961687.3925592446,1003758.1938851817,1128420.626564017,1163083.7731310923
2024-03-29,915978.4827402361,1011789.1683109677,955247.5782022069,1009903.5401371188,966428.0414848395,1013368.3919646344,1136704.5084713313,1169755.449899025
2024-04-01,909218.421701072,1010955.4348552349,960896.330424268,1012157.1390150256,969876.5161467708,1017043.4898561769,1132665.0713123386,1166790.2225204355
2024-04-02,906702.3772267057,1011954.2542836992,963827.4570340703,1016660.0694349475,970015.7544358107,1018666.5163946702,1146345.1161645858,1183469.244772479
2024-04-03,906764.4690951811,1010797.6047801083,960866.0236043523,1013595.0102327532,967285.4442340893,1015838.8054506425,1139121.3882317548,1175315.1239830395
2024-04-08,914711.7599955307,1013336.129759042,943075.0742730687,996912.0159033007,956045.6380549029,1020362.2130294095,1143607.8163245772,1181986.6876391135
2024-04-09,915469.5600801485,1017905.3836120318,944098.2580632756,1004598.6934488482,957673.351696565,1022124.5098624693,1164807.832733936,1210155.725620492
2024-04-10,923634.2745821107,1018988.1631796409,944777.6079282353,1009029.8301485247,961992.3404272811,1025004.8597413134,1162977.9704358052,1208302.5009258206
2024-04-11,913928.4802921042,1019855.4112599103,932758.1510381291,1002302.6046360201,952488.2770803013,1021504.3281304871,1162400.5797973445,1204596.0515364776
2024-04-12,893814.3736615883,1016346.0761511559,933330.2845754216,1006150.9530809588,948334.6331265873,1017252.2737510337,1161467.981238633,1201630.9372697468
2024-04-15,858674.0524003127,1007936.006601726,914014.5835256169,985900.9319742388,931773.1853124651,1004141.8192423538,1145404.0941350216,1186063.8045897624
2024-04-16,827879.86412406,996964.0614874784,884392.3695478032,955976.4602430529,905772.8998427604,978739.2917300821,1114720.99987693,1153817.649657735
2024-04-17,824016.629817809,998805.0021325938,879854.2353162358,959452.0887172885,903688.1552150203,980562.103482283,1132160.9758098703,1166790.2225204355
2024-04-18,830567.4705237099,999491.5577058473,881006.4231118748,959775.3238437838,907824.7148153416,986626.1652902118,1137082.5800981827,1178280.2382497704
2024-04-19,813505.432355835,982414.1162549718,857387.1317452977,925635.9701336093,889012.8850214116,965362.9144806645,1093725.8816611741,1118606.3804589764
2024-04-22,799738.7406499304,980849.8678754689,855196.151108701,919434.016429729,895191.596872068,973259.3357841703,1087234.3393181912,1115270.5986309391
2024-04-23,821573.3591393786,988735.9473707017,863920.0511083195,925874.4156759448,902899.1414424944,978331.6740201178,1097767.6161303998,1126019.2792376622
2024-04-24,836490.4178263559,1002265.3509915683,886034.7110204289,950970.7878225512,911371.4045246667,988437.4423943723,1127591.0787785968,1159006.769292302
2024-04-25,823728.2998124906,992343.396056422,880534.3592080662,940978.3552149005,902409.8698059001,976993.721828185,1112226.2303600488,1137879.9625283033
2024-04-26,861202.3603989747,1007151.0555394671,888358.558070142,946731.4336536593,912439.5621963226,990441.6597335242,1126962.053357765,1156412.2094750185
2024-04-29,891515.6796268411,1021226.857143984,902448.4768724034,961820.5517061419,928478.721043853,1006476.3164508333,1147966.579605902,1177168.348677711
2024-04-30,887570.753241021,1018253.1510351867,898455.1532003102,957564.534199184,924370.2330328187,1004466.9768074413,1142426.014303491,1173091.231727062
2024-05-02,886246.3303568069,1018058.31949781,894821.6645857224,949858.5576107849,921739.8657415631,1000976.3808550038,1132671.1974729586,1157524.0990470778
2024-05-03,883555.4597600874,1017668.5359103865,901180.623549462,966386.5701876248,927200.6474467795,1004205.3356341663,1138713.6703633305,1163454.4406923982
2024-05-06,887962.1052510075,1018604.7536198737,915126.6201234015,974844.2908478344,937287.8505742913,1011444.1465092492,1149523.1713820782,1180133.462944442
2024-05-07,888713.2743652628,1018342.5419266981,919323.5614361914,984133.7011757458,943893.9159367429,1010238.4761060447,1156816.8031834157,1186805.1397123747
2024-05-08,886889.6169631735,1018373.0884868945,911374.4833264502,976398.7325478161,936655.7765820118,1010872.4752920832,1159448.207961274,1191252.811112471
2024-05-09,887826.1467152815,1017841.6265372881,905612.0973858985,969051.1296978558,926896.8470880173,1001196.8153136366,1151621.2719987966,1189770.2539791055
2024-05-10,895909.7686096773,1020744.9307620369,916100.0791497382,972945.880142268,934581.3655620401,1007353.0558977523,1159914.780729943,1198295.0423298508
2024-05-13,891945.4007064694,1020036.1159176414,912046.3541124387,968640.6162716299,930738.4186830056,1007722.8140251314,1168253.1417084879,1210526.3931817983
2024-05-14,894222.6906126448,1020258.9811067071,924469.0575277087,982429.0301627165,935730.8430674851,1009771.577004233,1175430.2670623146,1218680.5139712375
2024-05-15,893592.3522004425,1020284.5006145361,913708.133743143,975358.591568917,929618.3544997245,1013687.659743187,1184468.2137045495,1235359.536223281
2024-05-16,906385.8998567866,1021636.916613665,930796.0109089095,993580.9747781456,947556.5067641758,1022141.4188794045,1193264.614585185,1241289.8778686016
2024-05-17,901671.5181270011,1021422.2338781515,934667.6152942855,991353.575654,949426.1911491115,1023283.0934976604,1190699.9411997977,1239807.320735236
2024-05-20,902613.8307186263,1021714.0277193767,932319.2804630477,993382.8531503379,948496.0320483921,1023855.8836940655,1191437.049597287,1239436.65317393
2024-05-21,898841.7509459954,1021187.2695846232,928193.8362357765,988987.1705870382,944590.3333845226,1017544.8715231789,1189483.3513380466,1237954.0960405646
2024-05-22,901036.5850079892,1021476.6597308484,934235.4451410538,998429.8472333138,945878.2524416108,1028800.7260761593,1207131.1791491748,1260192.7923766228
2024-05-23,901801.2298951508,1021752.4225197011,927227.4900598885,997158.6232651959,939062.7354253582,1028779.7094829638,1210245.3472630556,1269829.5834112864
2024-05-24,899539.0282640543,1021672.153247081,925450.6689940515,988726.7672318707,932165.7740494332,1024186.5578916492,1207887.869381504,1264640.5768885778
2024-05-27,908794.6394882516,1021872.3977101237,938343.3720599237,1005036.0378846417,941313.3686724175,1023825.5700617019,1221242.4619507992,1282060.8211513746
2024-05-28,905712.2788970912,1021443.2131025967,934191.2032577229,1000588.7798757019,937148.1020576273,1021769.9300414182,1224302.9167635276,1283914.0458460462
2024-05-29,908539.8364303901,1021516.0784307234,940379.7441677952,1001862.6438328137,943765.5437561437,1018251.9560830395,1213329.8691353635,1266493.8015832491
2024-05-30,906930.8327128883,1021086.0314026233,928544.729068156,992057.1884015861,936928.0766429501,1013970.6235345091,1196637.6129852724,1244625.6596966386
2024-05-31,891303.805611056,1019939.7051573668,929013.0468355183,986040.6313909355,941837.4320778782,1017581.9645577184,1185981.047190581,1230541.1972618788
2024-06-03,906704.947020304,1021962.4327698193,941100.7764535908,997420.22836054,952024.3564677929,1027527.4914775267,1206287.0817322813,1256857.0105485856
2024-06-04,900924.7195550569,1021916.1588246605,937461.7177530293,988337.3405050102,948334.9339077943,1027164.1434018905,1196197.2951906906,1236842.206468505
2024-06-05,895920.8558318607,1022404.508768176,946281.9493509297,995725.5300000969,949274.9794962312,1029624.578476349,1203381.3124752152,1248702.7766472877
2024-06-06,911453.8078595423,1026548.6800059052,962336.7456689839,1015702.8001188103,960208.9899493081,1037379.0218346324,1226783.574231837,1291326.9446247322
2024-06-07,900823.0169352082,1024820.7344469645,956415.7070451741,1010901.8422941032,955101.6962197543,1042376.3515399451,1224301.275827647,1281319.5991406215
2024-06-11,892790.8655216971,1022818.722196471,922709.1854463582,984244.7125486198,935067.3282546867,1032837.7362422463,1220589.9164490148,1284655.3809686583
2024-06-12,899539.0268464384,1025347.4644444985,951032.6442361836,1012648.1800626579,948806.2581569243,1038719.7844653234,1234975.782521298,1307635.2993154696
2024-06-13,913484.5670140202,1027574.8827441548,961049.002043343,1030399.5624250236,961010.1197090263,1044668.930038092,1249710.9491446621,1326538.2138234908
2024-06-14,930198.3036011161,1031297.1065193771,995154.7579217915,1055954.5099233452,976779.3203961004,1059108.014850248,1260503.1656388026,1334321.7801634828
2024-06-17,915399.9341549196,1029441.4024681768,1009269.7541681294,1068447.6557592216,976685.4201468324,1058518.105111953,1260044.3599666343,1334321.7801634828
2024-06-18,919394.1564271896,1033480.1128205449,1020943.9101930623,1080507.5205243889,984800.3590407105,1065813.3994982338,1274657.5503562198,1356560.476499541
2024-06-19,936300.0551231353,1040055.1625281316,1026104.4783693318,1091479.8337377373,997646.7364897393,1073818.8895438826,1299980.472863023,1393254.302831665
2024-06-20,940164.8168381001,1041249.0480773455,1037976.560461617,1099217.7572454277,1003937.0064437895,1078710.0422438653,1310989.9492677324,1406597.5432556714
2024-06-21,950650.7789296522,1039572.940983808,1027593.1654420857,1089115.2990964714,1002655.8208309729,1079699.574834419,1302436.625688851,1398072.754904926
2024-06-24,926764.1731254535,1030462.0837194888,1021410.867819405,1076703.4528421226,994990.1786635811,1075028.5885258336,1277809.2412039,1363973.3752782268
2024-06-25,926012.2493853471,1029758.5383144962,1044385.4614625935,1089155.4899991814,1001077.2288903453,1077383.0096166562,1281297.1051156176,1363232.0401556147
2024-06-26,927267.7321542263,1031740.2717763907,1043988.4770303731,1092326.7628949943,1000041.9363913707,1071418.5993551272,1287498.5299949404,1373980.8338741965
2024-06-27,928629.9112078823,1031642.6128061321,1037795.7588869099,1085563.6354154411,994046.4861211589,1067301.8294434785,1282977.9704358054,1373610.1663128906
2024-06-28,950761.1844440667,1037352.0328255009,1049068.4256502157,1092638.1025079552,997180.64647634,1070944.6795893125,1290050.4040804605,1382134.954663636
2024-07-01,945561.7236676555,1035501.5555538051,1036706.6618524556,1086767.8161500755,1001167.9115662796,1065862.7456256687,1291524.6208754394,1383246.9573475542
2024-07-02,943230.1330138401,1032783.092869956,1028520.8702569966,1080253.8511422935,995153.0454279237,1064500.1820035232,1281487.4536777476,1373980.8338741965
2024-07-03,935349.3039503786,1037871.3178864662,1028630.4742876057,1083361.9531472984,995941.3434105645,1069605.1446505347,1297901.9540811442,1390659.85612624
2024-07-04,931210.4057954242,1034800.3141057243,1024078.7897717024,1078568.133299203,991534.3195959476,1081952.130623892,1317511.2472480137,1426983.014897058
2024-07-05,930222.6932300179,1034641.3743233538,1027875.7953877903,1080533.020110941,995251.17410512,1091000.9119866923,1319418.9993026021,1421794.0083743497
2024-07-08,933261.4326903945,1034886.4653806975,1054496.327077743,1105115.5864598318,1017413.5220625985,1081538.671747162,1337429.8021304817,1466642.0686077718
2024-07-09,931630.272143888,1034655.8695773775,1049830.213092973,1100225.4558952092,1014216.9988970823,1079709.8082581866,1338658.0973348466,1465159.3983625474
2024-07-10,932874.992518762,1034748.04799822,1052991.1491510128,1098283.2245165922,1013441.6162447245,1083172.3602391644,1344651.23275308,1470348.5179971147
2024-07-11,938156.0836723506,1035586.5635352295,1070712.8177863916,1116020.5340971,1029982.956419582,1089834.425831406,1366100.4526248137,1502965.2273785896
2024-07-12,930223.0566910438,1034294.2657549435,1040731.708116898,1085692.5454343802,995383.7441013468,1081573.2654128836,1339601.854257545,1455522.7204397428
2024-07-15,914702.4242947537,1032975.3611749212,1042636.7863181919,1089254.0649236685,996860.2592012302,1076638.8922292273,1337497.518084481,1458117.1671451675
2024-07-16,912717.1532975739,1033853.4609240447,1046964.1606868595,1092219.9634756094,997806.9229219131,1088738.745957219,1344100.644067333,1459229.1698290857
2024-07-17,899911.8497705957,1031968.2731709457,1027509.8805927128,1076722.948991204,981933.3169954801,1075650.833017888,1331362.1682232765,1438843.698187699
2024-07-18,877016.4709273472,1028777.150353266,1010570.858557114,1065122.4963964468,966036.6426753699,1073461.590969203,1310562.6495644683,1412898.5524622982
2024-07-19,883186.004128563,1026445.9026725715,988369.1252883762,1038228.3648313528,959005.9071326272,1062808.5683090948,1280921.2214032738,1380652.3975302705
2024-07-22,854565.3535646332,1022073.5664014516,965842.673836121,1014997.4188436514,941506.1934045404,1050826.7353495413,1246627.6306253332,1339510.7866861913
2024-07-23,869032.6053741125,1027125.1185601368,976247.215973267,1033943.9231695181,957533.7208541954,1064042.932745555,1281065.7331564769,1381023.0650915764
2024-07-26,862688.4999023863,1020918.7432794573,953882.8665012211,1010300.8276762015,939753.9353431549,1049336.3986395474,1238910.5279711194,1326908.881384797
2024-07-29,858871.1056621769,1019724.5158505216,949661.9411441996,1005830.2724449349,935595.5427600463,1044074.9789675068,1241446.6490721875,1338769.564675438
2024-07-30,859528.8967899204,1019753.0418842249,963307.6331163265,1018123.2219034815,945552.3908774902,1047568.2671338832,1244755.7603686636,1338769.564675438
2024-07-31,865611.700389669,1019956.5115848306,950308.5238647889,1005027.1731327655,930779.6241367023,1053910.5094435925,1243399.143978449,1340622.7893701096
2024-08-01,875007.1241960868,1021288.3043506558,972105.6084069676,1020273.6839817645,947747.1182955267,1066446.6161128515,1268197.8421693172,1363973.3752782268
2024-08-02,844450.5005886053,1017407.195284271,936694.4637116856,983292.7035511615,912629.8193061952,1044721.7223745874,1211962.6413597888,1295033.3940140752
2024-08-05,773748.2920803027,1008653.7143553039,869145.8875665135,914980.3498982074,847816.8367857586,995947.5907882114,1110739.7612438295,1176797.681116405
2024-08-06,770324.4579117695,1008157.0007299102,865299.9316173085,910931.6160222241,844126.0954458847,1015825.2211414184,1148274.6379685213,1241660.5454299077
2024-08-07,770324.4579117695,1008157.0007299102,865299.9316173085,910931.6160222241,844126.0954458847,1036965.8093588535,1192761.6130399706,1290956.277063426
2024-08-08,768549.5769603666,1007757.7853556765,860464.1741382848,901018.4228111001,840222.8515487462,1027044.2760412875,1168947.038794459,1264269.9093272719
2024-08-09,774442.2567200668,1008726.2651280276,866913.9887410676,913512.8318371732,844139.4134281226,1042800.8141839865,1202491.8158322964,1303558.2954766792
2024-08-12,786385.0578422495,1009756.8034874642,872223.0166223283,925215.3921322782,845409.5949344387,1053260.0912129267,1219533.591324919,1319866.6501674168
2024-08-13,785868.0742405521,1009362.9281752546,882703.5247400041,930449.4603276212,850589.0194919955,1054498.4372810945,1220839.2293071148,1323202.4319954538
2024-08-14,796570.0299544355,1010251.9362701577,897545.9265477891,946190.8115124662,860443.4431219854,1069325.0319999696,1233759.7396381737,1339881.4542474973
2024-08-15,793045.2329349486,1009702.9915974207,893574.3058302728,942003.951003286,857032.7611701214,1059744.4422288379,1226361.8537105662,1329503.4412020806
2024-08-16,795791.9897369725,1010126.515900664,907785.9396577922,965176.0657979219,866662.1604870665,1072478.8485292413,1251799.6417289993,1359525.5907662718
2024-08-19,800238.155783263,1010407.9566022404,925562.1538494942,981845.7920767306,881585.272984693,1077992.070482162,1255177.125353827,1361378.8154609432
2024-08-20,800408.6793396879,1010719.5105263443,939731.2786566627,987845.1873289584,898697.0743254345,1082066.1740829702,1256267.5819442356,1362120.1505835555
2024-08-21,794779.6057002493,1009945.7281261559,939747.1516272437,981857.3209997653,894818.1880980536,1082798.3007830274,1245557.849827018,1347665.0205874895
2024-08-22,793427.0480230659,1009456.1503264542,940553.1408831489,984363.7959867953,895289.6026602305,1080980.3517718439,1240569.5141462348,1340622.7893701096
2024-08-23,788596.5312879856,1009163.0233264706,951449.9017969978,989531.9402739047,892551.6676248024,1086968.953577708,1241085.9713656688,1341364.0113808627
2024-08-26,788929.7967783802,1009654.5546965783,952713.4566027534,992295.9802175998,898137.9766496902,1088269.259400033,1245682.6703496561,1343587.9036368404
2024-08-27,791762.0106167101,1009340.8846257342,952022.2391154182,989344.2210852145,902240.0770162826,1094374.5735144995,1242595.4135842142,1337657.5619915198
2024-08-28,780659.43339643,1009623.9806269126,948158.9915587318,987337.4570623874,895179.3116182571,1092016.0551446476,1252994.352445678,1356560.476499541
2024-08-29,782727.2748782546,1008010.7005271289,981852.698952378,1010107.7065016269,905144.9208311324,1091327.1261100397,1243539.1705069125,1338028.229552826
2024-08-30,778780.5559667565,1007567.7659437954,966727.962870301,999767.7286764621,898393.082579663,1090180.0275789755,1247249.3265325658,1344329.2387594525
2024-09-02,797263.089580539,1010508.4315048268,968777.0556933295,998778.5559736728,903856.5398855712,1094272.0822888403,1245401.5233354757,1340622.7893701096
2024-09-03,791594.3541357717,1007507.0605450401,956377.381500901,988047.2805983066,898574.0482282735,1086545.6528430148,1237398.2414637147,1334692.4477247887
2024-09-04,754233.0286934425,991364.506684376,913662.883005799,943239.4223944186,854792.0415485494,1051935.6880508945,1181417.8232985546,1269458.9158499802
2024-09-05,764699.9317087667,996098.6376641267,913927.0517813575,940519.6264463901,851751.4258581366,1058468.406097822,1186736.6434656566,1277242.4821899722
2024-09-06,773565.1667412753,1001859.9057901856,884621.7589384925,933564.5143019198,866613.9657604272,1073034.2676009017,1200598.0664305543,1295404.0615753813
2024-09-09,760882.3820034348,996251.9835886884,873489.4175631416,918905.6332708835,852583.650247845,1064248.0468975287,1184312.9811702608,1275389.2574953008
2024-09-10,744032.0628997674,992274.1324380586,853381.3413969886,911272.5384832858,855749.4199908335,1054843.366000915,1179812.0034459655,1277613.1497512783
2024-09-11,742073.9668270128,991671.7032111273,867021.4265276801,919340.4624182223,848337.8306941552,1054348.18693779,1177959.1680455087,1273906.7003619354
2024-09-12,776975.0492474269,1010913.0819877428,880823.1891123664,936874.5543219089,878547.2890470797,1078940.72452127,1212811.770980049,1321719.8748620884
2024-09-13,784046.3033541543,1015889.9436230586,882502.3591429603,936672.089161539,873481.0554859402,1084399.2677313294,1218771.3219105965,1322461.0968728417
2024-09-16,807322.0322670767,1022399.5931654358,871492.1269957435,927032.5239302157,881467.4846286951,1092849.8039813829,1223836.3439948582,1325055.6566901254
2024-09-18,777454.9818499184,1013332.0081373064,846108.1064459693,906103.3222013949,867428.9838852476,1083715.150201757,1214245.0737737422,1318384.0930340514
2024-09-19,808870.2964217595,1029418.0106941571,873506.817091645,926432.8480879306,887944.8109356174,1100569.547769107,1234624.5128471605,1335433.6697355423
2024-09-20,805472.2425974774,1035229.8369246264,870674.9945589912,930219.1130606174,893672.1535321204,1110799.2531202948,1241162.6577691478,1352483.359548892
2024-09-23,815264.8162913669,1041073.0620637019,886387.5915724647,945026.778248453,900647.5182386287,1121245.8151326082,1248226.1209643232,1358413.7011942123
2024-09-24,833092.3381345512,1050124.7078044622,885828.7166296851,949230.7426725863,921709.2843427268,1125796.6958306213,1256417.6728794323,1371386.2740569129
2024-09-25,820505.7359482325,1052990.6710761404,892632.4411570441,959268.9068075656,924620.1381464998,1128423.432476069,1274891.1102298677,1391771.7456982995
2024-09-26,802193.7171973422,1048900.8121521515,885774.6980521095,963475.748814249,927976.4190241469,1126180.3469333728,1280335.9542725866,1403261.7614276346
2024-09-27,814129.2715063328,1049349.2592404087,888016.3913618934,960668.3986402988,926403.3212756327,1123496.602181842,1278318.3689097348,1400296.5340490448
2024-09-30,793328.2754038995,1023978.0409573761,867378.1540018928,935414.6489111423,893032.0827033115,1107538.0275974348,1244810.0206484431,1363602.7077169209
2024-10-01,787925.5006652985,1028273.5487378868,883560.0969321143,948752.7911345004,906045.9512884025,1107042.7759555331,1254099.4680632853,1361008.261011496
2024-10-04,746255.9181953584,1007232.3606451241,857809.0474078071,939637.7240759372,892677.0715430372,1081340.7501722218,1249188.475160333,1361008.261011496
2024-10-07,763525.2783638154,1024538.3072594334,857829.5399424445,941213.0931402682,904143.0672240147,1087266.2436210674,1271584.2962436243,1394736.8599650303
2024-10-08,780471.9784904633,1029196.3298158906,847143.1153265845,929619.4443861484,905383.5267088516,1084541.8771039196,1266477.81317945,1388065.2963089563
2024-10-09,789881.5656486665,1038072.2913482472,841615.5550562751,928544.1074148654,913015.9418535994,1091763.9283948801,1269148.9286056147,1401037.869171657
2024-10-11,794116.8735195313,1048957.9415028952,842617.7097594154,936336.1860701083,924752.6949282651,1089731.5158422983,1282734.8931340508,1424388.4550797744
2024-10-14,815987.0646930848,1058088.1290955604,852892.1268050086,941802.6198812961,930736.6638852124,1099874.2244280055,1286859.9871460022,1425500.4577636926
2024-10-15,823532.4165226136,1071505.7927601337,865314.9251963508,951196.6538549899,940102.6914006238,1105281.8841596239,1304601.3483023152,1455893.27488919
2024-10-16,814602.7674442445,1056938.0180730592,861991.194832505,943813.9118734836,928109.0274086957,1099221.9050576345,1288859.084631268,1430689.464286401
2024-10-17,807378.0689350282,1054160.3507143226,871252.819838227,949529.3158689975,931457.4298993115,1104917.6006538903,1291259.6644286125,1432913.3565423787
2024-10-18,837386.5958286439,1087028.4577408824,835754.9001833808,936870.4429022311,948329.9713707928,1114177.3704843058,1315536.326218053,1468495.2933024433
2024-10-21,844849.3153587495,1092526.4912006631,850807.4908606422,949394.9663321017,952255.5842612133,1118119.005847844,1318631.459475721,1468124.6257411372
2024-10-22,855047.9241462861,1093749.3255197299,854969.5332934272,946645.5013014316,952022.2024672375,1119815.5379506233,1318233.80601403,1462564.9516571227
2024-10-23,831481.6680160676,1076266.0919812866,850280.2574850929,939244.6722494601,938038.178928648,1106224.2829213212,1306994.161003159,1452928.1606224591
2024-10-24,833564.7744156037,1077629.8696347796,840553.4981390845,932048.7637106418,933115.7844078884,1105772.5972881545,1299027.1985122182,1444032.7047104076
2024-10-25,862824.3882404481,1092648.0697530615,847466.1445261848,939644.1772505282,952922.9583752499,1118770.8785021575,1307760.9156422212,1455893.27488919
2024-10-28,842188.9768520509,1075814.9630125097,838368.1697775733,936828.7105566501,954117.1234763012,1108618.4973418843,1299338.101163697,1453298.828183765
2024-10-29,822245.8858829652,1061036.29576776,825738.4581076514,922276.3283316134,939238.2938225613,1100167.4527930657,1284132.3141298252,1419570.116118372
2024-10-30,819282.9699684297,1054313.0257519595,821542.3206793678,917314.97152009,935757.9403250561,1092730.729855687,1278186.2188734976,1421794.0083743497
2024-11-01,814501.9550148164,1052018.820317592,820031.1421744239,915540.9086767673,924523.9728415356,1081208.0564416584,1275926.2125832434,1412157.217339686
2024-11-04,806671.9852787171,1056523.287884094,833282.9204604041,924941.8180471896,925698.9709542141,1086318.9266691606,1286305.5696098676,1430318.796725095
2024-11-05,817728.4972721253,1068000.029365868,832900.5701357734,924645.1420713901,931702.6570608959,1097129.1698879208,1294225.382543177,1435507.8032478034
2024-11-06,840859.4316402589,1081724.916892652,838925.3634917152,930410.1006704806,941707.3090594158,1098802.2849073396,1300419.6967003513,1446997.8189771385
2024-11-07,853423.1569420014,1091822.900030983,840961.0795676124,933723.9389883517,942719.7139075146,1104062.402363699,1311142.3375131616,1463676.841229182
2024-11-08,850335.9348274384,1103577.1168282828,836904.2423579108,930666.5554853915,936535.8791296826,1105291.0113680786,1319267.814410152,1475166.8569585173
2024-11-11,846065.3727451478,1098759.389829073,835973.1146609199,931202.2480055331,936685.1714575634,1103876.9445968526,1317909.5570840568,1475908.1920811292
2024-11-12,829177.4668556367,1069461.4811594526,818964.4678522956,911142.5436064242,921123.4302008495,1081152.7754319713,1287222.9621627536,1438102.363065087
2024-11-13,868952.7139011536,1080321.8591299108,842737.695921601,921006.8064772128,928976.5682432995,1097864.0430042585,1280415.4849649249,1428836.2395917296
2024-11-14,852673.7641769563,1072363.0459192023,833155.2465435874,912291.1033598422,918999.3566773281,1087729.8042370197,1272302.3697849007,1415863.666729029
2024-11-15,858708.0491176759,1074474.368417174,849413.7121168983,925088.2236334323,925590.4195902691,1083429.647194256,1273836.4260416524,1425871.1253249987
2024-11-18,854908.2847275548,1069719.827243222,845655.0905580277,920994.778639479,921494.7195917873,1077101.459065632,1262845.437514529,1405856.2081330596
2024-11-19,857423.2232433346,1070122.985243657,853380.8909088227,932963.1197429947,925361.1867114474,1088042.187455116,1279775.3011801064,1425129.7902023864
2024-11-20,858663.5048053733,1070173.841245939,846034.8162647596,923912.1042514525,920128.8699918783,1089698.5540010808,1270788.8799245171,1419199.448557066
2024-11-21,859383.0226369279,1070023.9581522532,848384.1593053857,922405.4505496703,924302.8352158447,1087085.068839293,1263356.31555197,1403632.4289889405
2024-11-22,862481.3879133208,1071473.3433514955,855206.6902521172,930927.9256797514,934167.7127084581,1098525.770791787,1282884.9840692475,1431060.131847707
2024-11-25,865469.8269199474,1070953.3828293686,868589.104329876,937235.5858970366,933836.5009490389,1108828.7746707257,1285352.1858633375,1425871.1253249987
2024-11-26,854352.6222259591,1069210.195306941,877154.6912076989,938557.9751868926,934178.9246852356,1100345.7603509938,1270251.1999343627,1407338.8783782837
2024-11-27,865183.4294944428,1069444.3889847633,862138.5441320458,921507.9850288115,923384.9458492848,1099299.335834577,1250984.6435750523,1386953.406736897
2024-11-28,855340.4206197328,1068313.0012293183,858905.123948864,919609.7509704314,917643.0567272755,1090908.7504443778,1248975.0441001516,1384729.5144809196
2024-11-29,860975.0847704657,1068422.6192462707,857580.5571840325,916530.0411830626,916778.8742512318,1089356.5647918128,1246936.2359665798,1388065.2963089563
2024-12-02,906752.4391279322,1078164.8695499885,879404.3781698266,937961.986968585,946602.7863491627,1110553.534639931,1273509.33282282,1421052.6732517374
2024-12-03,914163.2501386534,1082489.4711413542,883848.5267885247,944531.0007739745,951939.6714352223,1124109.9842002469,1289782.165761873,1440326.2553210645
2024-12-04,939005.1879724395,1088169.0428605406,893391.566301159,952024.8988681517,958881.7818897816,1133659.703322622,1302545.2556441356,1448851.04367181
2024-12-05,913941.722898168,1083785.2485869187,883190.8374231377,949259.2440295897,953704.390730724,1123375.0770454444,1303251.514447073,1456634.610011802
2024-12-06,914095.1867891845,1081950.2405637144,879347.4367311517,944834.6686759673,950346.5230536843,1123240.5441889511,1299069.2064707573,1451074.9359277878
2024-12-09,930339.7727811513,1086607.0878639407,874149.525449566,943179.4894805632,960372.8056908019,1126258.0574607607,1303548.9614243323,1452928.1606224591
2024-12-10,916669.6703245781,1082014.2936840248,872964.7745111504,945159.1748653136,963218.0973253755,1124086.714028413,1295249.8735111926,1442550.1475770422
2024-12-11,941309.2778289751,1081883.5396091673,880755.237306408,944578.6210628233,969889.1196598655,1122741.8372315336,1282846.3673781946,1429948.129163789
2024-12-12,926881.8551341051,1081284.625293038,889685.9205987969,953849.5368781767,975014.3259758598,1121496.5190798265,1290865.4022344076,1446627.1514158323
2024-12-13,958644.9632687818,1089015.450697604,895932.649907879,959763.3276115141,990521.5038240867,1127873.48063145,1289391.1854394288,1447739.1540997506
2024-12-16,950302.7489090401,1090133.7119404413,889062.8727930108,953767.7278037749,980623.1242724828,1129163.38203601,1290478.9071367036,1453669.4957450712
2024-12-17,951043.8770772036,1089560.189646158,889434.5869730035,957832.6811824522,984917.8139769107,1127734.529776723,1289252.799846846,1461082.3945237573
2024-12-18,949370.5085472582,1091728.9849540112,901981.160138897,969645.9478812895,991422.1234135336,1133866.2437210684,1297691.3673098222,1461082.3945237573
2024-12-19,950630.0262541806,1088036.2000224798,893240.412092022,958926.9769054137,984491.4883333653,1125960.8902869062,1284449.3429419247,1441067.4773318178
2024-12-20,960312.8122573525,1079122.0336620756,884423.8835161248,943139.3658233366,971771.122194171,1108470.1265851394,1260812.8649373024,1427724.35001967
2024-12-23,969931.566002756,1096692.6494628652,898240.7806394616,962574.9508739195,989679.6491080455,1130183.6781841666,1294099.35866756,1462194.2840958165
2024-12-24,966142.156396451,1095163.0527405357,898731.825033001,961046.0399146758,989275.6852040491,1127060.1470836727,1294978.7909037455,1466271.4010464656
2024-12-25,968878.8861592623,1098567.368956188,905068.5495965997,966754.7211127959,990814.2932199513,1133845.8986475004,1300573.7258816613,1470719.072446562
2024-12-26,965739.9034923753,1095587.1384017891,923352.2467401543,979629.4428382597,992954.7689909016,1130186.079538405,1302075.2916079806,1469607.1828745026
2024-12-27,986843.0454726729,1103753.8840901442,919852.4249246636,978445.9642768584,1002133.8819593465,1135574.658577375,1303685.0497066828,1474425.521835905
2024-12-30,973137.9392505722,1095310.6567049976,918305.6186273614,975975.0751891814,994357.1904443776,1125496.9946757471,1298897.236390488,1466271.4010464656
2024-12-31,981291.161064217,1093067.5050875884,923829.4207265893,977223.7850299559,991793.6573289906,1126567.9142435302,1290210.0124437637,1451074.9359277878
2025-01-02,959037.7236381641,1083539.5930296902,907736.3335855523,963577.1591392241,971198.0771755254,1117183.8828054727,1278837.6704180285,1438473.0306263932
2025-01-03,969172.1130526508,1093560.9154168349,904838.511953167,961466.7707038603,979894.5791009938,1120462.4712826533,1283107.9325575354,1452928.1606224591
2025-01-06,979538.5197748429,1119869.7924193395,928947.730867199,988451.1911979399,1003283.5624002492,1141504.389895827,1318921.6863351066,1498517.4428666346
2025-01-07,977616.9147897256,1116535.607535987,927243.7210901299,995624.0758510313,1026821.3728460347,1133863.1184784155,1324722.0664852522,1515196.465118678
2025-01-08,977469.8895650852,1106426.0209876297,915475.0988252679,986008.7845607481,1021680.2773107564,1129825.173539055,1311058.8685747103,1492587.214333173
2025-01-09,947369.7821911064,1085651.5312181544,903162.3723657647,970491.4982066832,1000148.0043653523,1114281.8798770257,1292788.2508990963,1475537.5245198233
2025-01-10,935486.9740187902,1079570.169168657,929168.7944257775,985702.9913917265,1003081.9713338887,1109111.088437285,1288908.312707681,1475166.8569585173
2025-01-13,898929.0193553374,1052053.3893110298,900186.9939115563,960254.2398868285,967239.2596191441,1093409.386464136,1259585.1167115646,1441067.4773318178
2025-01-14,938304.5422358916,1076243.4217862803,907520.5855157891,969677.794894763,979522.8868707692,1108248.5090269714,1276903.007015001,1449963.0463557283
2025-01-15,921851.460376303,1057691.7655301283,909171.153907589,970511.6552196227,974003.2442401921,1095928.7077285775,1261054.8482818033,1438843.698187699
2025-01-16,936617.1979155943,1079553.1836586786,924452.9985445061,987585.676957675,996998.5842060124,1107686.3104271106,1289649.90632991,1468124.6257411372
2025-01-17,941048.1839995787,1087827.954057987,919094.8084829369,984747.9163947783,991370.6035589253,1109780.0505952118,1296538.117573056,1455152.0528784366
2025-01-20,944376.3938918517,1087554.145402434,926396.9990766564,988653.4056564055,998702.7626604115,1113469.7575048965,1303188.8306964405,1469977.8504358088
2025-01-21,948868.5153441832,1090385.01063211,928562.1296747247,995020.8084006987,1001306.974826244,1117411.521436999,1305047.7922575173,1472942.9647025396
2025-01-22,974673.1590514586,1107002.6878408229,932377.7306001702,1000245.0853267394,1013804.3425764119,1126942.0000252463,1317672.6059429226,1492216.5467718667
2025-02-03,913266.4415774748,1057952.1793823938,937455.3016450921,1006420.7785621367,1011708.2210105931,1101594.6650819182,1271144.6348233942,1428465.5720304237
2025-02-04,909225.2829788551,1053270.8136458404,933307.1293614232,1001967.3973786676,1007231.4509333296,1106800.825111762,1276703.6880033913,1436990.4734930277
2025-02-05,912709.1795091764,1053818.8642513677,943249.7035748042,1016174.4093041073,1013294.0927807961,1125959.4879022052,1297294.260826758,1458858.5022677795
2025-02-06,909776.7169664018,1053939.9920799267,944107.0198207991,1015370.5217363697,1012598.8242110107,1129321.0953535668,1305976.9995487428,1465159.3983625474
2025-02-07,916801.4660581707,1054643.7699157936,945160.2694005134,1016806.5052606922,1010291.0102887569,1132742.4990753252,1315032.230715585,1471831.07513048
2025-02-10,907514.1012963076,1052977.6468605138,926490.299893296,1001420.2188207966,987300.02203961,1121745.4519449829,1302366.6124246195,1455152.0528784366
2025-02-11,918142.4980858262,1054359.3368712007,929052.3768376472,1005389.3274023395,990124.0720768223,1126719.179668528,1309754.9809241204,1464047.5087904881
2025-02-12,893042.3043478157,1050986.7579687813,920897.2929982307,1002196.6821100574,980241.1639307067,1117026.4177356872,1304473.1365121908,1461823.6165345106
2025-02-13,891625.6323195108,1050746.4963599164,925270.8159932258,1009108.6357309681,985233.8207209865,1120292.3098334176,1310615.2689083675,1455522.7204397428
2025-02-14,888446.1845680694,1048409.6554656879,917274.7339619758,998770.9525205952,978386.2177470485,1117137.955181072,1296791.8062601704,1438102.363065087
2025-02-17,919463.5352433353,1054326.9543777255,936049.2649926307,1014196.7265226704,997985.8712065974,1130634.5962424092,1316547.9084904757,1459970.391839839
2025-02-18,914014.7665059395,1056091.502885374,934022.8587903144,1015845.0931837421,992847.3589232722,1137357.906140844,1325553.2552065528,1465159.3983625474
2025-02-19,875130.22777803,1049619.73240378,928137.3680791022,1014477.0663740498,987011.1454225811,1128658.1999358288,1322078.9563647802,1462564.9516571227
2025-02-20,868084.8831332765,1046988.6960227395,936275.2546795966,1015137.2617914539,992422.0047324941,1127970.0645317256,1315547.0469991385,1457005.2775731082
2025-02-21,883881.2783094592,1052737.5722812,937855.609110749,1021377.9908277851,994650.5812118688,1143484.8876835415,1329145.810827442,1467383.2906185251
2025-02-24,870822.9551311246,1048120.1706045575,936462.6156033637,1024122.5362779957,995152.2521619814,1135138.1034378326,1319907.4512163438,1454410.7177558246
2025-02-25,848394.7025128796,1040316.7519833498,928987.5496815803,1018670.0278475147,987778.2885351198,1122098.28001061,1304247.4531307688,1435507.8032478034
2025-02-26,863699.5721503606,1044142.4483274245,940356.1246785285,1025732.9293920856,997158.8790391352,1134233.432147436,1310791.1772347495,1443291.3695877956
2025-02-27,844690.9420783346,1034191.5327485877,921752.0705556037,1007083.6405470234,977816.1310742762,1120928.1549815587,1291222.6886734401,1426983.014897058
2025-03-03,825117.0678135816,1026902.246046125,920293.1070737006,1001283.5225107532,974637.8268862887,1115205.3846014743,1274591.4753381012,1393995.637954277
2025-03-04,841173.0240840862,1027029.9604968089,919830.7592000129,997207.6165773731,973921.8937757971,1112956.6718682656,1265665.1123357355,1384729.5144809196
2025-03-05,847826.3490812972,1033954.7394661288,928107.194052613,1005556.9683077198,980129.8338938247,1116788.7685884752,1281069.1244239633,1402891.0938663285
2025-03-06,856851.8461565551,1032673.7984085757,929395.1281365516,1004567.0065595966,984838.0727875101,1119924.2570088156,1272305.1046780348,1394366.3055155831
2025-03-07,825016.592546885,1024279.766646797,914307.178881562,993664.9666025501,966313.4244517757,1108180.1270322558,1264499.500882003,1381393.7326528823
2025-03-10,813781.477410406,1019080.1012187831,903819.8650616767,980824.9032499653,958163.9467916554,1102740.0102986575,1257950.7445746558,1373239.4987515844
2025-03-11,798660.2580954869,1006025.4063730031,893772.2525853278,971668.4187223774,948621.5587299755,1089952.9362281202,1236215.2360896498,1349147.577720855
2025-03-12,809763.6546681601,1013256.8876251362,896225.5378140571,974397.1821501118,959989.0388626547,1097282.3358285245,1247824.5292565194,1355077.9193661755
2025-03-13,818391.38118051,1007723.3712882071,864192.1332005622,950500.8258535725,957689.2785992117,1090317.107146053,1230087.1063463194,1342476.014064781
2025-03-14,803992.0911454728,1000523.3533231267,863048.9620656135,950790.4149153095,950630.6485580893,1088547.6603926858,1230443.9552024505,1338028.229552826
2025-03-17,824166.177890381,1010864.503658433,866598.0907048347,956099.2924978596,962807.0468875624,1090400.8957100003,1238878.037440687,1349518.245282161
2025-03-18,839462.4099147058,1020357.147978555,881347.8087147834,972859.6077253681,974098.4392387129,1103319.4998908245,1247449.8488971544,1355077.9193661755
2025-03-19,814570.2763931463,1002192.4204965448,878751.0689286353,967426.336803661,960216.7501289106,1088832.7977403114,1230039.5192057872,1338398.8971141318
2025-03-20,815071.3659469793,1015980.1999543634,887228.0194729926,982141.607418285,967730.7200385786,1099143.8626243947,1253364.0006016763,1367309.1571062638
2025-03-21,832740.0958320806,1018675.1633031744,880817.0347108009,975379.9647333485,972299.2818938948,1102806.737028508,1243945.2474394564,1356189.8089382348
2025-03-24,813723.2709458203,1007476.2718986811,868178.9533299567,968527.3319532734,963843.4061862684,1090080.3874584679,1238206.4570826895,1354707.2518048694
2025-03-25,827692.7043425938,1020496.8835769248,881083.5620221259,982115.7330229145,971101.1949587822,1095621.4765971515,1247534.9587714858,1368791.7142396292
2025-03-26,827405.9051429789,1016357.7841309062,885979.5671700599,983791.2732794147,973371.9198480181,1098433.632614944,1246812.4000054698,1367679.82466757
2025-03-27,806223.5598105248,997115.4442278533,875626.275837815,973266.7564966541,964981.7281361673,1088410.6100697832,1229531.4854572057,1341734.6789421688
2025-03-28,777545.8615151085,980571.3076985849,853304.9496182563,958560.6296064716,947074.8114956904,1071624.1225962932,1209991.1115973142,1328391.4385181624
2025-03-31,739047.1478038839,941241.7748456096,830572.203200257,928190.1673700672,912897.1253808477,1039875.6604697539,1159190.0340494195,1280578.2640180092
2025-04-01,756918.7005687765,965676.639800371,859822.488646424,956829.4270231586,933791.5710497266,1057850.1307069515,1191915.3277085698,1306894.0773047165
2025-04-02,757698.000315627,965977.5736550996,855894.7878922584,949487.7218725544,933241.2663231303,1060796.9185031557,1192926.3630023657,1304670.1850487387
2025-04-07,683082.4414853657,876786.5675917785,773148.9946326377,857689.3527510029,850506.2252884319,978912.0348805519,1077215.6599980856,1174203.1212991213
2025-04-08,680059.8332070778,872906.8022049911,769727.8110508193,853894.1073318279,846742.7711728467,950502.6841746748,1033953.0418848883,1136026.737833632
2025-04-09,680059.8332070778,872906.8022049911,769727.8110508193,853894.1073318279,846742.7711728467,909422.4581047295,974123.0975399637,1083765.7788215238
2025-04-10,693900.237551096,874594.6296283018,811011.2849350132,918213.2257649051,869150.751334879,968814.1197082825,1064203.2572577228,1191994.1462350832
2025-04-11,693209.7222745778,874493.8299026254,808852.1050215567,914887.5440412462,867955.2716523047,990900.598374352,1093818.3210491051,1219792.5166551557
2025-04-14,693209.7222745778,874493.8299026254,808852.1050215567,914887.5440412462,867955.2716523047,997472.418292597,1092940.0921658988,1213491.5074485291
2025-04-15,696528.3598674481,874923.8763197738,815270.9487782657,919891.0229888523,870800.0082935713,1009209.0142173644,1112240.233012895,1225722.8583004763
2025-04-16,687215.8125275257,873879.9163307819,807996.9445757321,910503.4593342728,868732.0673304298,1002068.0602458508,1090414.5824501908,1203484.1619644181
2025-04-17,687747.6173187755,873353.8313081294,805676.1005471082,904121.5673064179,864576.5463663945,996044.951186165,1083174.1169713794,1190140.9215404114
2025-04-18,689535.7666750234,873457.3029921546,804050.8395741315,907136.0607317871,865646.5925789755,997456.329064408,1086327.44875494,1192735.3682458363
2025-04-21,676267.6750161172,870848.1612184098,789515.3577740522,894718.2312525696,853684.7828448343,982426.4646931855,1070149.8994926773,1175685.7915443457
2025-04-22,658030.4702379341,868214.6325775697,778598.429978642,879703.8087452835,842923.6547787247,972286.6497572575,1052631.4868246522,1156041.5419137124
2025-04-23,687611.3215498612,875051.9730659898,809521.5411179395,915089.0749396271,873360.8453845932,1000194.6987087089,1100000.2734893134,1207190.611353761
2025-04-24,690082.2124563317,874766.2999017871,801550.3459351392,900959.4135197586,865341.8922591523,996269.4287977363,1091020.0877900696,1200148.2670245224
2025-04-25,723603.8329899837,880910.3015393228,830862.6225769849,930198.4617432541,886142.775602652,1009233.88952239,1113083.7834511616,1228687.9725672072
2025-04-28,729913.6192202679,882556.584120921,830846.2146866651,929205.7914389557,889828.9167651177,1013601.9067640194,1122139.5615966306,1239065.985612624
2025-04-29,768980.5204583602,889682.754038517,841853.4757550092,933506.6009816116,910135.2159130466,1029680.1612457223,1133242.0243678978,1243884.4376858852
2025-04-30,763744.0740918291,890162.0262877406,849190.60666779,939969.889419455,905456.8586678358,1033862.8195072142,1133376.3623186424,1249814.7793312059
2025-05-02,795930.7418762052,900592.5039831036,849984.6380760999,933740.3411082214,917231.5204290437,1046260.1849221103,1164328.4606653994,1286137.9381020237
2025-05-05,786765.8373141893,896521.5274208863,830745.830987248,921185.4724816269,914016.2109718305,1038702.8498036274,1150065.3365969723,1274647.9223726885
2025-05-06,810257.553293249,899893.186637867,837732.7357857557,921858.1066588348,925902.2901368538,1058335.1845955714,1149482.8043594197,1267605.6911553086
2025-05-07,805770.3224518183,899784.266342103,834761.8873188825,920155.4361876434,922922.7705806149,1055376.9177225053,1150821.4798506747,1262787.3521939064
2025-05-08,823493.6797290423,900948.1447541526,844899.3337700696,923185.8562125153,931840.5370799542,1057202.2430518982,1150648.415813152,1279466.3744459497
2025-05-09,840529.0066462611,913307.0942295238,859423.5909722181,938522.5461043305,945346.9709209679,1072370.326353136,1171464.1250393142,1295404.0615753813
2025-05-12,849176.9090697261,919302.5498811015,869842.0313351484,947869.3173016495,946274.9416505545,1080923.6459751758,1183478.4011814739,1309859.1915714473
2025-05-13,856466.8215750399,925414.2242359958,876015.9456017347,959380.2012347168,950319.093671447,1080822.378128694,1194714.2173419574,1325796.9918127374
2025-05-14,892667.4390558302,944176.2233140538,899655.3621723981,973890.9570034927,965486.3571657696,1097909.41785671,1220071.8182937002,1355819.1413769287
2025-05-15,897708.3570417571,945491.2638986937,898944.1570237012,970465.7828711456,969334.0868613826,1098363.0081671227,1217124.5880567217,1352854.0271101978
2025-05-16,894363.4662865457,948276.5902668057,899514.7986805768,971409.046342749,970985.6428100069,1097505.1155262443,1223478.4011814739,1356560.476499541
2025-05-19,878734.4631345203,939126.7585593212,878856.3832257123,950507.9533614105,961684.1323235492,1087379.0549788296,1205562.8820303848,1337657.5619915198
2025-05-20,879427.8859005627,938594.4799666265,881915.8987267347,953925.7022389359,962580.3493912815,1087796.2231541506,1205686.0616171423,1340252.1218088034
2025-05-21,912519.6259590178,952985.5030785452,902610.1131470533,969456.8079432434,980250.6193057661,1108677.726873408,1221250.3384430252,1361008.261011496
2025-05-22,919352.5429545908,953153.7893827541,899356.8300202222,962899.7724026627,980313.012917937,1108543.3532934606,1213803.771417632,1346182.463454124
2025-05-23,901592.9745798269,947838.8002814477,904275.3122322889,964406.6163004822,971434.8563263102,1103554.282341353,1212755.2133900367,1340622.7893701096
2025-05-26,900769.6221000003,944006.9258243499,898401.6722634168,960190.6622084564,964031.9710108048,1104708.7627297891,1206276.4703469211,1339140.1191248852
2025-05-27,893545.4757629646,936632.5323050749,886084.9338524671,947076.5784377045,961118.4591145153,1093357.684412785,1195072.5977382434,1327279.5489461028
2025-05-28,907098.6948178296,942429.3891361498,896922.3629544111,955360.3226298279,967316.8625182109,1101386.0346224122,1196258.9943797945,1329503.4412020806
2025-05-29,915854.0101999005,941473.4740839248,909452.6831810804,959466.5649527496,960130.1371451472,1100291.0046944334,1195675.3681849882,1332468.5554688114
2025-06-02,895649.1001852521,922915.9541058122,891762.0487511487,940753.0507306046,949960.7258592602,1080573.4240858397,1176374.680359365,1303928.8499261267
2025-06-03,901118.653018764,925516.7367730731,890730.2255337568,944103.6913355774,956149.100793197,1077148.090929825,1183332.2484923904,1313194.973399484
2025-06-04,915013.281798345,944755.6391187831,907669.109332356,957290.9593762344,962101.9572719233,1088354.6913193734,1210842.4291320816,1343958.5711981463
2025-06-05,916155.1997125945,946562.9036987405,907683.6723721357,955418.9606808609,965772.382962139,1094560.1789479493,1213998.058225875,1346553.0179035712
2025-06-06,906255.9303287561,942573.208098568,904759.7261727186,957947.6672858185,964639.158588657,1089953.9803349592,1213226.8183620726,1348776.9101595487
2025-06-09,919798.5462578209,952326.538919067,912468.7879669996,963810.764009375,972503.6174767008,1101297.7240836155,1220487.4126543505,1361749.4830222493
2025-06-10,963677.5678242241,988917.0754117274,923614.8307965131,976381.7040223068,997042.6578882876,1120395.445600292,1245795.8949254057,1398443.3093543733
2025-06-11,981626.1557658666,1005402.6731193531,935312.2438099714,985172.7661303467,1003144.9351858989,1128683.772986594,1258564.0170110352,1398443.3093543733
2025-06-12,969924.7085927456,994957.4985748699,932182.7660916181,977563.1442278809,998435.5691180126,1125307.6932546722,1248354.4421501728,1398443.3093543733
2025-06-13,971235.0628343772,988921.2890543247,927979.720906529,970060.1173323578,996899.9713473216,1126666.082122595,1236319.3808201945,1398443.3093543733
2025-06-16,964386.1376213299,984579.3353924047,932845.4129593702,975185.8918188995,994029.5520472423,1128535.4145269291,1235028.401865197,1398443.3093543733
2025-06-17,931454.8497090734,981004.4620610476,931841.0430443616,983382.0668581909,981036.3323229086,1122887.3827322305,1244084.726989293,1398443.3093543733
2025-06-18,917598.932040193,978966.3081075727,929629.4742348524,987326.3895110077,975396.0007508098,1119806.5509173058,1252214.1421323963,1410526.3705594265
2025-06-19,903780.1945614244,961216.8449648442,918750.3171265455,973671.0179270691,964317.8896776197,1102548.7897789197,1232429.4876177714,1396590.084659702
2025-06-20,898255.794259378,967077.911254265,911196.2630856367,968386.7205084747,961444.9174839203,1100981.2211847384,1234795.388970176,1394514.4820506186
2025-06-23,898481.2604465702,949856.2426119641,901185.093285832,958934.3174895233,965755.6068155363,1092136.2356597655,1217223.7005838996,1382950.3780537657
2025-06-24,915465.0647914328,970971.809558029,928811.8709919782,983281.9396065659,977562.2687761381,1100737.6134805838,1242806.0003555361,1408154.3017684135
2025-06-25,934729.4619476268,988676.6286982205,929269.9606011243,986115.1655091232,988491.9028665617,1121813.451834091,1256352.1448399404,1428613.8616773176
2025-06-26,933966.3091957477,989826.2532907415,919312.2912342878,979363.065613646,989999.1955377653,1116483.9594572033,1259809.7061357328,1430392.9981044715
2025-06-27,926940.3958026469,991351.0732052498,926603.7293465467,988386.9360121674,987219.1942611343,1126099.2194238505,1264724.0903061714,1431875.555237837
2025-06-30,919707.5306200014,978989.6440396629,926770.2492649885,984359.7112540192,978525.5434089791,1119251.7190008832,1246573.2609498284,1433951.1578469204
2025-07-01,954733.8473877341,1003547.8840515041,930863.6112015577,986789.9679793305,999259.343235581,1128980.4215169246,1263247.6855966852,1442253.5682832538
2025-07-02,960455.8164175677,1005201.1763363511,933556.9727585645,991938.6458777374,1004680.20731601,1130464.1880016786,1264593.0342271875,1442550.1475770422
2025-07-03,983373.4085792057,1013987.8432740178,933352.3390000196,991049.1701249069,1014880.392836538,1141674.2525821715,1272167.375459804,1462416.6620102285
2025-07-04,968949.393396037,1005922.4842112513,915740.2421543928,981684.0070494598,1015279.4180490393,1134963.9157375146,1262899.2602114072,1448776.9554042923
2025-07-07,939476.2878135357,992516.831214406,895696.3071472974,969559.9682034439,1002452.3243159475,1117825.486253734,1256246.3591735153,1440177.9656741705
2025-07-08,958212.082330844,999119.8564935738,893338.6227295728,962408.9527968353,1011122.6747662879,1120508.8609398783,1252524.388409523,1433654.5785531318
2025-07-09,990074.6795291123,1017127.2332317665,906249.1953842969,977562.6677569336,1027614.6490753577,1127839.1872760397,1261751.5896566343,1448480.376110504
2025-07-10,1016771.542660664,1028614.9397475314,913019.3040631147,981629.2801169342,1048565.8798995375,1133784.0697539304,1271062.8068208233,1465085.3100950299
2025-07-11,1002894.2761862413,1024949.155991151,929733.2303021284,996254.1181582398,1048009.4020214233,1135883.1574838874,1274299.0605642083,1471312.11792228
2025-07-14,968910.9114692417,1008509.635281364,912796.241181645,986172.0475710816,1035037.683702196,1125210.9978540423,1266678.3355440386,1462713.241304017
2025-07-15,990426.2151774549,1020415.9456485236,920786.0045388074,990077.1965292877,1041306.9797248151,1126931.487581112,1279054.9303285973,1482579.7557372032
2025-07-16,987266.2836650951,1029321.3220787552,928005.1331227155,999365.0096072144,1043477.3301652761,1128074.4480623957,1290646.9389708596,1494440.4390278442
2025-07-17,983815.4337520944,1029157.8477119631,935453.1541645856,1004508.4473093933,1042551.726708809,1130067.7022903874,1294588.9045385553,1503335.8949398957
2025-07-18,1016751.6570027195,1053336.353964168,961437.1841919752,1020408.8097266144,1056669.6798567697,1141343.9028866435,1309703.455537475,1525574.5912759537
2025-07-21,1014174.0822533563,1049086.645224408,964628.6057045789,1022749.5998419708,1059620.7888365688,1142324.9002462535,1307319.0663074842,1509266.2365852164
2025-07-22,991256.7849704747,1028529.7883485081,951203.4551785322,1014288.5203913635,1052149.8427990214,1125955.9278336547,1287567.4493019185,1498888.1104279405
2025-07-23,1004449.8357297131,1042063.6742728374,945402.5335095258,1014989.3996733612,1057317.2058632155,1140365.552192933,1306092.9590176265,1503335.8949398957
2025-07-24,1000942.8912977359,1040182.2971154854,953825.0792553754,1020386.1234921402,1051473.7233056629,1138402.1421918091,1309176.9339113075,1512231.3508519472
2025-07-25,1017834.2596545132,1046820.5844472643,950032.6768009992,1015772.9910687393,1055145.546680816,1137139.2691747681,1308653.2565739995,1509266.2365852164
2025-07-28,1070107.7300288833,1069222.4722078561,959408.6507695051,1011960.0841206497,1068321.3436341768,1154110.188242137,1311375.350408183,1513713.9079853126
2025-07-29,1071132.911266424,1062917.4072026806,951980.5235932203,999487.0791167206,1060040.3818246233,1149526.1695321163,1299531.2940146863,1495922.9961612097
2025-07-30,1075237.02927695,1075482.858185796,959421.8753979536,1008675.1121968216,1066507.5741473604,1157084.5606801938,1314105.3207345924,1512231.3508519472
2025-07-31,1131933.9487963745,1094906.6901022785,976703.3537075849,1008979.2537001556,1085920.2153780172,1165669.8449773234,1318630.9124970941,1528539.7055426845
2025-08-04,1126925.170269192,1090061.758059715,972381.4539114527,1004514.5328412553,1081115.035179608,1165362.9653662394,1309468.692310848,1506301.0092066268
2025-08-05,1133208.7411331574,1090370.2037910656,984898.1868243435,1014638.5885612862,1085573.7249446479,1177925.9641391295,1325244.1028866798,1525574.5912759537
2025-08-06,1127019.6904923446,1089858.378181524,977463.7596909525,1001551.2360875218,1078269.8491766031,1172297.1674924102,1313300.9339660052,1512231.3508519472
2025-08-07,1149394.7524465402,1093904.8029764171,996558.9880742853,1013073.3902661412,1096355.6997294382,1196484.4012062436,1344465.8069985916,1555226.1863906977
2025-08-08,1161009.2689079512,1094623.3097146475,999239.6076040094,1009621.1213223545,1094270.345422111,1201339.9116220651,1345445.4457192083,1555226.1863906977
2025-08-11,1176141.5902753922,1096671.3843809692,1003588.4695281809,1007569.3614689915,1097730.7425454191,1206423.440547212,1351844.111091359,1567086.75656948
2025-08-12,1178179.3580485021,1096899.301310829,998972.6142740076,1005948.7830273716,1094252.325155323,1206258.9332454961,1353124.4786609963,1568569.4268147044
2025-08-13,1204446.0046114651,1100253.975835593,1010620.9276580637,1013258.4193913548,1106198.3800038772,1210112.7797046897,1364979.6934184798,1581912.5541268522
2025-08-14,1198797.5721190616,1097633.1934075793,1009663.4234161203,1013584.0386311619,1103782.0859841958,1205660.472396799,1357590.777940352,1575982.3255933905
2025-08-15,1204025.824300457,1098072.7990017654,1006176.3188724344,1008451.7555729954,1102320.3055617383,1207473.5790009021,1362989.1287997921,1575982.3255933905
2025-08-18,1238300.342535476,1104371.7193332037,1016442.8416499918,1013209.5637242405,1108934.9307904046,1220405.180304092,1371280.8871993327,1580429.9969934868
2025-08-19,1175065.9876170794,1095159.6642478928,998802.1505908793,1007972.2017018406,1090942.2546420868,1203710.736137956,1364054.4243733676,1577464.882726756
2025-08-20,1112907.5262796457,1080097.6848706878,975653.5217799967,990496.3697926609,1065455.8001874771,1179322.1439483473,1323275.308017339,1532987.4900546398
2025-08-21,1118831.030439573,1081949.5787855317,985358.8115997141,1001305.5447117893,1080638.4744756222,1183700.0719674672,1342133.5995295984,1541882.9459666912
2025-08-22,1115199.1677564413,1077189.3871255224,982179.7653026407,996451.8064992039,1080192.217980099,1177072.3929405161,1331062.5333315101,1534470.0471880052
2025-08-25,1138303.5516577319,1086636.0811253204,992966.1230773752,1011257.9537312596,1089075.0102851195,1189753.9441922626,1359790.9447688332,1562639.0851693838
2025-08-26,1155492.043223447,1089647.3936084379,997288.3581580942,1012147.5923268406,1090504.0011755787,1185184.9622061485,1361343.488903171,1564121.6423027492
2025-08-27,1168958.3578454736,1093256.1837534476,1002354.192743284,1017748.2862202732,1111131.8889162375,1188419.5919472491,1373374.6119870367,1571534.5410814355
2025-08-28,1164991.576073876,1087072.5234124688,1000909.6571998423,1012509.3777577488,1107450.4754284828,1185052.757240485,1357498.3385524212,1556708.7435240634
2025-08-29,1189599.2434066155,1093338.3506323297,1006675.6308917826,1008857.3680989353,1109659.5946299355,1192739.5064929822,1357310.724883425,1556708.7435240634
2025-09-01,1123812.7031770966,1074794.9635033133,973322.8551559275,994955.0767247288,1087966.0364217488,1166856.1335873445,1348272.340658289,1541882.9459666912
2025-09-02,1138191.235985097,1077702.1845850667,979031.4045333689,996769.9002186863,1091152.039198683,1172769.3147641867,1345194.4919252282,1541882.9459666912
2025-09-03,1141524.6468916715,1079032.2581802523,983970.7514324015,1002368.6299626438,1091403.5309812007,1172453.831413994,1349872.5813288845,1540400.3888333258
2025-09-04,1150152.5976944068,1081847.5834893067,995746.3990497416,1008205.5350224583,1099010.3944916248,1179400.7887586462,1354328.1598271548,1550778.4018787427
2025-09-05,1199014.5600481275,1100052.7689074639,1010989.1975593393,1019810.6589238255,1112534.6270403562,1194353.921033219,1371956.4058034432,1567086.75656948
2025-09-08,1198694.5441753913,1100526.8977614741,1011667.9585380381,1020295.421115598,1112513.1977089462,1198164.051369606,1374913.8098428803,1581912.5541268522
2025-09-09,1218881.6240398963,1106955.966449917,1017158.9432201212,1029927.6993672459,1119378.2371606962,1203759.303780291,1392153.810389859,1598221.0219294487
2025-09-10,1295137.1936638434,1138524.5788387053,1034008.2421779459,1029804.0516774266,1134842.650586294,1226460.1484760055,1411052.3595290515,1629355.174177558
2025-09-11,1315593.5314510602,1151056.617744273,1033001.138257963,1026821.1363713352,1127357.85932852,1227639.1563330186,1412347.386125887,1644180.97173493
2025-09-12,1307995.7689989347,1155716.308186732,1033912.202711088,1033581.3748662083,1128728.8056571658,1238213.211246544,1426850.1962285824,1660489.3264256674
2025-09-15,1278802.2115591306,1138865.181281252,1030121.0402126139,1033320.8558766453,1123314.4139578901,1225339.0668856488,1420270.0433480563,1660489.3264256674
2025-09-16,1280098.9615486402,1150484.310297619,1024863.1947231119,1038954.0871159642,1119691.135871748,1225041.9005672217,1435531.8409933131,1682728.0227617256
2025-09-17,1274769.4406989668,1143116.956484956,1021665.8296241587,1032531.9636647312,1117547.2426014126,1224574.6031181584,1424811.935073637,1670867.3394710845
2025-09-18,1306322.9174356437,1156351.270166405,1035542.391584379,1041585.0455586521,1120440.0455715023,1234440.5506323597,1443357.5736028114,1688658.364407046
2025-09-19,1254629.4047928692,1128609.8163359046,1028266.1576270884,1036894.9450413792,1113048.6607734524,1216505.8093511541,1432660.0938068347,1690140.9215404114
2025-09-22,1249077.6758060001,1123615.7770503697,1023716.1379475599,1032306.7139677576,1108123.4270052342,1219242.479074809,1449588.207140806,1702001.6048310527
2025-09-23,1248681.9498151022,1124109.1256196334,1022620.7611497741,1032251.7861388875,1108233.4864794752,1225522.3408821737,1470131.1928236405,1733135.7570791624
2025-09-24,1248581.5808690481,1124089.3604237346,1018116.3949490556,1026331.469193749,1104814.1174432512,1230900.9788362188,1467294.889852179,1731653.1999457967
2025-09-25,1237236.4823585714,1122382.9173283288,1016754.1181031959,1027392.1041386648,1101470.0566089076,1220670.2377313944,1457611.7272217588,1725722.8583004763
2025-09-26,1227232.0874092823,1121826.7419163568,1004555.6480142372,1012634.4065583273,1091727.354503149,1223009.0816021895,1432769.3801364712,1697553.8203190977
2025-09-30,1270792.6865031805,1126098.9959690603,1023381.2847711341,1019508.1020253225,1105856.5758949246,1255403.8187717535,1446224.1791901982,1713862.175009835
2025-10-01,1261940.2240210164,1127145.8598567804,1026431.3901750343,1015095.7075074239,1104372.4935681762,1264849.94458448,1455318.683422445,1722757.6309218865
2025-10-02,1292459.5109869998,1132327.9075507396,1037024.7371408241,1020816.6907208486,1109850.6952747337,1279309.0995371682,1477469.7862681018,1755374.4534152201
2025-10-03,1329026.6396720982,1137999.4996327953,1052015.847839524,1031628.1333897634,1135524.03639096,1293830.6613032063,1498903.3625511082,1780578.2640180092
2025-10-07,1295372.4861778242,1133113.615797252,1073314.5308706062,1057838.4857819602,1145920.1816296247,1290703.3603856298,1524157.9127295602,1829503.4412020806
2025-10-08,1308603.1194040494,1133910.7822970545,1070069.5276757972,1054897.2466214225,1150208.4871856302,1292622.38932183,1515853.2456344268,1813195.0865113428
2025-10-09,1320040.9276548766,1137291.8597120363,1066905.0572244423,1055508.0727379844,1160555.2774176616,1295708.6236068686,1529197.226818362,1826538.2138234908
2025-10-13,1315561.028001185,1130544.2241788232,1036465.8080293434,1026688.1432602926,1157661.2955086138,1274167.9507553019,1507997.2104090033,1808747.3019993878
2025-10-14,1275238.9147716344,1126539.3541574767,1008591.1415292518,1013084.2785523458,1135108.1293921915,1256510.6655529076,1500700.7343188066,1799851.8460873363
2025-10-15,1299532.7200582754,1136033.1984678623,1009379.3477632301,1014146.8702195211,1149641.5866969295,1262017.4224700965,1527729.2455797289,1832468.5554688114
2025-10-16,1287344.0087575018,1137180.431005871,1016589.4693662422,1026561.9215214773,1156326.9362326895,1265878.7336411406,1548574.0540688373,1868050.4922288759
2025-10-17,1243331.9859128655,1122698.2304054832,1000435.5665799873,1018731.4609940572,1142537.5374534414,1252382.5664909286,1529222.3878351953,1839881.4542474973
2025-10-20,1267091.7604594727,1133968.0901411183,1008829.9821702735,1026303.3789799734,1153256.9398358916,1274173.2110808627,1550857.142857143,1871015.606495607
2025-10-21,1253394.8736498004,1129070.9822668084,1015403.0194322364,1033898.5866425558,1154435.3416769758,1271187.4470643091,1554429.46026884,1873980.8338741965
2025-10-22,1208482.4792626202,1113355.5866822111,1020663.4165574806,1042156.5443680807,1147392.2654097031,1264997.2121475737,1548632.361990455,1859155.0363168246
2025-10-23,1231499.467778297,1119877.7492917122,1018925.3291436927,1033997.5625317617,1139693.2462361036,1280010.889812484,1542098.702293208,1848776.9101595487
2025-10-27,1274823.1849439389,1134820.6851436303,1031484.4398996131,1041869.7301838918,1173133.1011435932,1294309.4348168103,1567940.3793296777,1891771.7456982995
2025-10-28,1269182.1608725833,1131114.854912491,1026920.1414030769,1037259.4739335412,1167941.9900431233,1290016.1273134188,1565446.70377005,1878428.5052742928
2025-10-29,1268683.94044456,1131429.4296583845,1027130.0385189988,1038741.1612530965,1167969.190853356,1293880.2855292333,1584805.6995172915,1909562.7706342612
2025-10-30,1268999.324305532,1132540.4562036227,1025539.6346231395,1036117.8801406146,1168325.4575637253,1304281.0857995371,1584401.8104992548,1909562.7706342612
2025-10-31,1281235.6485154848,1134316.7909135357,1030875.545675133,1030449.4248221637,1174730.0909166317,1309825.613868414,1581367.1730777118,1919940.783679678
2025-11-03,1267359.4231610112,1134763.7559611355,1034967.2317903979,1033419.735376668,1184954.5464151285,1310716.3289226955,1587037.700501853,1902149.8718555751
2025-11-04,1301544.8011426032,1138034.0848065463,1035149.1611193164,1027535.8469928027,1179215.4225850722,1316233.8983055777,1574825.7462839638,1896219.5302102547
2025-11-05,1236893.8882898167,1127678.842762162,1014257.7906301959,1020264.0244639636,1165970.1015477586,1284244.47748633,1552449.5070355127,1872498.276740831
2025-11-06,1249413.5251030035,1129121.5189057493,1020716.9135225756,1019335.1008361102,1162623.343388008,1291796.7145554195,1562665.2080569952,1876945.9481409274
2025-11-07,1211748.7531608995,1123791.8644984527,1007399.9132669909,1011209.2555335284,1143987.45905457,1276059.7993137129,1548772.3885189185,1854707.2518048694
2025-11-10,1211448.7166325296,1123746.1882413346,1016211.9942530139,1016605.0144828082,1144697.8937068582,1273623.7970082418,1560988.2809829204,1878428.5052742928
2025-11-11,1194892.752841447,1120547.44124693,1004735.8217447741,1010616.5925124408,1138870.6471629299,1269658.3478623729,1556251.9930533713,1865085.377962145
2025-11-12,1199327.0540466108,1123433.69888819,1008112.3816412432,1015394.5866320849,1139311.1458631407,1270237.5636530477,1565333.588590026,1873980.8338741965
2025-11-13,1197443.3769564205,1122792.7836138795,1006123.6128328784,1014407.2569525958,1135670.172369431,1272576.7600865557,1562895.4860588822,1865085.377962145
2025-11-14,1186380.0534426388,1118300.1388505795,994888.5121496661,1004565.3353846789,1113792.8867818168,1266069.1508705018,1534550.7254304038,1829503.4412020806
2025-11-17,1194730.339048313,1121769.540352631,979867.8510511859,995816.1140597583,1112134.9375257546,1267352.9873292765,1537340.6446143116,1835433.782847401
2025-11-18,1127477.9979582413,1100423.0085366452,946290.7311800463,968679.822227788,1076213.063511278,1237334.6854840836,1498626.5913659425,1792438.9473086505
2025-11-19,1118683.6173550854,1095402.4679626715,946271.3822706683,966148.4711249591,1067325.4186777133,1233881.6134330411,1488768.723762119,1780578.2640180092
2025-11-20,1164914.1436044408,1115686.5670188998,975229.0970247729,989219.822473836,1102285.2727788943,1256762.489817794,1536167.1566683531,1835433.782847401
2025-11-21,1114068.7093572987,1090428.96259474,953415.264545296,970244.5860236407,1065687.0176919955,1236508.3873901905,1480637.1207045084,1774647.9223726885
2025-11-24,1144486.3923327306,1098815.8845111611,969134.0071657641,979330.7163184405,1071035.9387535113,1251418.0218379428,1484518.699831804,1765752.4664606373
2025-11-25,1165403.7432286122,1113318.0387590681,976228.5994261248,986644.4812243701,1086154.7266820925,1253975.5559505038,1507367.091030918,1789473.7199300607
2025-11-26,1203734.229226404,1130152.5444707158,1000526.0050791247,1013388.7320597888,1139733.439770128,1276160.053237718,1535225.0406815354,1819125.3150448047
2025-11-27,1228458.5882756505,1139942.7528985303,1003479.2138365252,1016628.539018941,1153477.5282382616,1286984.2502189751,1543346.0323537858,1835433.782847401
2025-11-28,1221241.7972241992,1139682.370914951,1000462.7982042773,1020852.1495078326,1165752.1660327562,1284925.5859558997,1547376.0614803978,1848776.9101595487
2025-12-01,1231238.720654726,1131908.7114486299,996183.5915564044,1018691.7634452105,1196461.7187976488,1270156.9252602763,1531471.7827400893,1823573.09955676
2025-12-02,1261252.6593610435,1147224.3676280552,1002586.7662790759,1020923.6316169024,1194426.5198672097,1278714.9748630293,1543891.588836166,1829503.4412020806
2025-12-03,1216061.5320280597,1134202.1291877853,992341.2810114367,1019473.0544913531,1193785.9263010602,1265600.4679995403,1556705.1101478208,1847294.3530261833
2025-12-04,1200709.066668951,1125761.6020640451,990008.8014219744,1018033.3000052691,1197933.5744631721,1262432.4539337717,1556854.7635001163,1844329.2387594525
2025-12-05,1212776.0178484553,1141302.213761095,987518.8851450427,1018282.0091441394,1194838.6639831448,1269588.935989964,1567226.7910131412,1860637.59345019
2025-12-08,1202427.6677240962,1147304.2674185168,977217.3120954974,1017388.2679389239,1196542.2103999807,1264881.4030558567,1585311.9829342668,1888806.6314315686
2025-12-09,1213270.7857039648,1148093.409016699,972378.8895166857,1008016.7969611407,1184365.0210141141,1264649.527165831,1578524.6345499048,1885841.4040529788
2025-12-10,1284427.883339234,1188509.8376057905,990148.3167837603,1017538.0297358752,1193131.5167664487,1291570.7729242318,1590742.2773455128,1899184.7575888443
2025-12-11,1310885.3350432592,1192340.7932870449,989973.0682581408,1001911.3814109088,1162757.6494263387,1291948.4229996307,1569683.381421871,1878428.5052742928
2025-12-12,1325551.835562058,1204544.0722371878,989849.4221647723,1001622.1709464312,1162943.252191908,1300023.9846169665,1579388.3138016383,1881393.7326528823
2025-12-15,1362820.433639832,1211533.5084868667,993230.2787054522,997113.6281302691,1160183.0608657666,1303927.052328527,1560844.3162083442,1862120.1505835555
2025-12-16,1316424.8849871831,1186215.7745494023,975697.421178673,989602.1020472766,1148649.709738142,1282226.5527358388,1542345.1708624484,1845811.795892818
2025-12-17,1332563.9362776952,1192165.6269429743,978922.7118509753,989870.6349890948,1147381.8130267926,1282952.136319988,1541701.5958101437,1835433.782847401
2025-12-18,1328360.736767121,1188929.6937816949,973341.9052027209,985170.6128752948,1148761.4812778302,1282771.4609800112,1538529.119774645,1835433.782847401
2025-12-19,1332896.535940476,1191374.0743376845,982307.3340528948,989011.1335108996,1159817.2318691083,1290331.9193011608,1551289.4747637736,1853224.694671504
2025-12-22,1343693.5332740026,1202640.2823843043,1021654.0332773669,1013124.3338320971,1174407.867765791,1296909.6017375272,1576678.5816844206,1879911.175519517
2025-12-23,1351716.8838065343,1212749.082560271,1020836.5320585711,1011731.7736418963,1167640.8711811386,1295727.5992790759,1585686.7726893572,1888806.6314315686
2025-12-24,1359289.1349242406,1216604.4621355392,1023596.0809916003,1012510.7216685534,1170189.7990813337,1300602.4143603567,1589131.9722681835,1893254.302831665
2025-12-26,1378649.6345637518,1232346.8870252501,1054884.2865675432,1030519.5683310748,1172445.5647816109,1317990.4250318944,1599440.1126775972,1909562.7706342612
2025-12-29,1381498.7831195074,1238585.139817412,1077625.137237404,1049996.7000334978,1187102.6518482612,1318302.3668459435,1613715.59846299,1934766.58123705
2025-12-30,1361602.2842848974,1228365.872126989,1067903.214448784,1044282.8702491046,1185350.240839255,1315737.6073175552,1607903.950553132,1931801.4669703192
2025-12-31,1357858.9336150365,1236836.356492291,1073707.8736608964,1052336.458902669,1188853.751121222,1317224.0992358548,1622268.9220418711,1945144.594282467
2026-01-02,1336812.5842803197,1234977.0721255885,1090357.7029226762,1069388.5015567064,1212971.4695530792,1315847.9811096627,1643900.8327749593,1985174.202442628
2026-01-05,1372497.4333480077,1276292.8648001675,1086859.0780809862,1076192.1831763505,1237289.8957760378,1328430.6654014937,1686201.6436707736,2060785.8604747124
2026-01-06,1428419.0861991125,1307695.4396890271,1107639.702888344,1088430.4121306657,1248530.7725052498,1347807.946332155,1712597.3006604766,2087472.3413227256
2026-01-07,1398053.4335997778,1288243.1539604475,1095538.0496023637,1091397.1600135088,1243582.2143699375,1339148.9208054699,1704709.3218832475,2071163.8735201294
2026-01-08,1437629.284145661,1312537.1495010166,1083674.1564653856,1071917.7945693254,1220214.538063027,1343986.3711900336,1700513.0112540852,2078576.7722988152
2026-01-09,1399372.812935725,1290712.637108973,1088229.8309553606,1072239.0677321672,1215548.7631898292,1332175.2718489147,1696503.2203366654,2071163.8735201294
2026-01-12,1406112.3126305493,1294773.3702804681,1084278.247405861,1076787.2266257524,1241395.573260634,1328613.520845467,1712092.5487836562,2085989.6710775013
2026-01-13,1377288.025013191,1294410.9646880594,1064151.0248621446,1077002.4318774461,1242475.2478898454,1326955.9094927812,1719930.205527219,2096367.6841229182
2026-01-14,1414549.652041842,1309645.548471819,1078546.0354975206,1080088.9225352525,1261927.6634667802,1350141.206781101,1733067.9757688467,2097850.354368143
2026-01-15,1431315.0439110503,1312618.3948890239,1075103.2203176958,1071436.2697909593,1252687.710427611,1350140.94795236,1725719.4273133778,2094885.2401014117
2026-01-16,1450588.036778794,1328702.2169961068,1085719.7631262285,1079347.9057429552,1289918.1888516832,1353229.5862516593,1759220.44606107,2134914.848261573
2026-01-19,1400634.559781502,1318842.8203084602,1077959.002761696,1084495.0374377489,1281565.059047072,1338282.5033335155,1772135.9241887624,2152705.7600856754
2026-01-20,1418480.078939935,1329043.0023951337,1075437.2539900285,1081685.5192321062,1280110.2948354173,1335334.388253632,1778896.4706204105,2152705.7600856754
2026-01-21,1392004.3361938836,1303693.0286139934,1068462.0091055376,1068324.6757453203,1272377.108618947,1314345.498835079,1750128.2391390556,2130467.0637496174
2026-01-22,1429837.0101967896,1314841.8208632092,1083717.1117552263,1080308.3004134416,1331284.7763559348,1324350.5553755802,1778117.3542643823,2128984.6197281107
2026-01-23,1453548.4646972667,1327071.0329932778,1092778.2949903947,1099393.8571532487,1383959.8463537223,1330320.7385621087,1790183.702771814,2142327.7470402583
2026-01-26,1427423.0441943612,1312849.9851532488,1083264.79366288,1113549.6143115282,1419620.2132036216,1320772.917677957,1795953.342723133,2142327.7470402583
2026-01-27,1438157.9294837816,1325082.892090792,1084732.5474947435,1118261.0912478685,1430974.9760187294,1324133.9691108745,1810146.4535273283,2166049.113621541
2026-01-28,1462049.97383503,1344396.7846992465,1091006.8647306901,1123969.767753911,1450670.392506788,1324571.8359482693,1837362.03147862,2200148.2670245226
2026-01-29,1452271.990889302,1334356.2799502295,1082937.735233162,1114478.7262366533,1443728.7262906418,1318037.503971172,1822376.3486441767,2186805.1397123747
2026-01-30,1395714.2451994587,1307397.1932911566,1066219.0958231431,1100057.411995244,1416866.6309995041,1301478.2086379295,1795910.2408073405,2152705.7600856754
2026-02-02,1396292.9061960308,1304195.6865286443,1048853.946979378,1076563.0845111131,1372355.519320427,1287979.1932936867,1771281.2153865087,2120089.0507042003
2026-02-03,1445411.7930480323,1335712.5504147436,1061171.4884050828,1093099.1469519853,1418243.0892438279,1307449.7764777243,1803281.7623651356,2163083.7731310925
2026-02-04,1446227.0616118934,1332801.2813624712,1064681.7781694871,1093349.7332633256,1418213.2772054062,1304792.8752555496,1808572.030247918,2161601.329109586
2026-02-05,1379818.2159825175,1302124.035522306,1034262.697181557,1075644.70995934,1385465.8070630417,1285454.6856373418,1781208.549275937,2134914.848261573
2026-02-06,1431585.7814667225,1326626.0566288324,1051467.2309607011,1075703.5964415788,1371199.9534749375,1303851.080075567,1780180.7764361608,2131949.7339948416
2026-02-09,1529666.1536350776,1379355.6589004076,1064894.6059015733,1090450.6847403764,1420291.8784474717,1333309.7643135283,1815002.529776149,2192735.3682458363
2026-02-10,1595396.6995752319,1432666.4962949245,1089250.8275698167,1107972.2024615526,1429657.3207768784,1364988.6708367704,1852437.2000164094,2238695.4311631764
2026-02-11,1668435.4679512228,1467431.3542327567,1101935.2190073472,1112188.9774459123,1470478.8654813156,1389347.0489892254,1882276.4156490585,2289103.0523687545
2026-02-23,1648024.8091043856,1455621.985760857,1117796.7274073106,1120553.345436406,1479065.746375023,1393375.5158247894,1891661.0373449659,2295033.5071259337
2026-02-24,1640732.3679593666,1449180.8656742855,1112850.491170199,1115594.906843786,1472520.9168042215,1413189.50063468,1943614.1612766483,2354336.697355422
2026-02-25,1650139.0350294178,1450264.7478333109,1123884.4819981123,1127016.2065835234,1473312.1919664387,1437055.9586488763,1983507.7192358708,2404744.318561
2026-02-26,1639847.655265898,1448835.7233779158,1138264.3665924293,1146277.0406847224,1488316.8093039736,1421485.7247280958,1983587.1405324836,2406226.9888062244
2026-03-02,1636649.0467508691,1448409.5126001262,1133227.561493261,1141204.8198096503,1485008.7899025225,1421469.4963943034,1965697.43877258,2382505.622224942
2026-03-03,1636649.0467508691,1448409.5126001262,1133227.561493261,1141204.8198096503,1485008.7899025225,1407933.1114155806,1922488.5339605354,2335063.1152860946
2026-03-04,1613482.3215214005,1445745.2323304391,1085241.4677503277,1092085.2700042045,1462670.7043708018,1346283.7939607042,1838765.5786350148,2241660.5454299073
2026-03-05,1652879.9044782966,1449595.2045366715,1126904.329318796,1116290.5006508566,1486332.401537425,1389835.3159499806,1886042.0353074702,2295033.5071259337
2026-03-06,1666101.9325158133,1450583.6126256774,1135284.4687701175,1121371.1771626212,1501869.490934275,1398283.6754850645,1881930.7251569144,2278725.0393233374
2026-03-09,1600600.688814795,1441805.406955833,1085719.7003870914,1084728.6400894858,1442513.346889923,1352125.912840441,1798524.2516648662,2182357.355200419
2026-03-10,1594598.7858808266,1441002.1725677045,1080915.4243273383,1079928.7285061462,1436376.9575037085,1371397.4367196267,1835572.5362031478,2229799.8621392664
2026-03-11,1610376.0851518973,1442670.8691843143,1113839.689168132,1113143.5415362841,1446771.0134671964,1399084.917312744,1910756.7175812605,2318754.647483499
2026-03-12,1607989.304969049,1442024.2468741538,1102376.2621357169,1101337.4318255065,1439445.213964216,1388595.1044089287,1880940.4750509374,2271312.140544652
2026-03-13,1584549.6649960685,1438881.2239560867,1091112.7795403716,1091365.4262179015,1424447.4034256032,1368404.2845447354,1870772.3611699874,2252038.5584753244
2026-03-16,1572785.7776789286,1438381.796744695,1077928.4663384673,1084864.3552340148,1405162.0739897664,1362303.159487582,1867534.4664907218,2241660.5454299073
2026-03-17,1631259.8558974776,1443917.4817492226,1120927.7912362334,1109109.2029055236,1452345.5091301184,1402078.118430747,1895206.9903868507,2272794.8107898757
2026-03-18,1721102.6250478742,1457404.2696719337,1148253.904553723,1115521.7784441588,1478724.308158128,1436563.3591733908,1923884.8609990564,2306894.190416575
2026-03-19,1708493.8850511843,1451920.9385040042,1124924.8543618438,1087553.778138983,1444635.3536948387,1412009.049459984,1886979.556673823,2253521.228720549
2026-03-20,1726105.4184469194,1451134.8090287335,1136995.2047017333,1094923.778367865,1456773.1885605648,1418281.856708317,1878813.1657755473,2250556.114453818
2026-03-23,1668370.5654997642,1438561.606570702,1091771.1532662627,1055683.778291571,1392897.473885541,1383122.9773805442,1832807.2310574464,2201630.9372697463
2026-03-24,1649480.959724607,1433212.1840900788,1090331.1029599425,1057093.7770708678,1393200.801053764,1382748.4083197587,1826631.5141735836,2206078.721781702
2026-03-25,1798177.963749785,1460453.6642812688,1124273.454137158,1065888.77817713,1457913.5234434088,1428684.9347365217,1872944.960275677,2259451.4572540107
2026-03-26,1780096.1098548989,1457863.0568438163,1118644.703036618,1066133.778291571,1440231.8729870815,1428473.9866164217,1867260.5395944153,2247591.0001870873
2026-03-27,1763511.6647193367,1452354.2477382142,1116342.4040234801,1064583.7774904845,1433202.6167275766,1422382.8463106423,1854656.4017011037,2223869.6336058048
2026-03-30,1744148.4053456364,1444011.3358385586,1099576.0045579192,1043663.7790926574,1398110.3433539185,1408191.837725392,1821362.0314786201,2191252.92422433
2026-03-31,1620587.5057911414,1412076.615229765,1060685.2537587401,1024898.7779863952,1338382.8885283398,1363790.9810514674,,
