date,a2c,ppo,ddpg,td3,sac,mvo,cap_bh,twii,0050
2024-01-02,1000000.0,1000000.0,1000000.0,1000000.0,1000000.0,989723.6820099272,1000000.0,1000000.0,1000000.0
2024-01-03,976754.8365050672,980110.3400495516,979282.9970586564,985487.1909645055,986032.4128583416,976763.189215542,980102.0683977992,983507.7192358708,982579.7557372032
2024-01-04,978900.2701902548,981413.8444732772,981655.3010902016,984669.3559934632,983799.8533642225,977836.906718797,981422.2522125196,982966.6479782304,982209.0881758971
2024-01-05,974244.2091230466,977111.4386923373,976883.419636852,982419.0542594024,982210.9937433072,973825.4350321196,977119.4943352274,981257.77735235,979614.5283586135
2024-01-08,982339.973129385,982500.2081340688,982783.8964010652,982996.825589881,981018.6448623356,974229.3458327558,982457.5569163568,984255.4390187204,984062.3128705686
2024-01-09,984541.1506472029,982295.8843677392,984989.1245059004,978843.4459794408,974703.4724452498,975254.460013006,982210.8392126128,982173.5289693556,985915.53756524
2024-01-10,980524.832981197,978195.2755892528,981452.1900487192,974279.5281943307,969773.872973148,975058.2626464788,978123.562655024,978260.6626646064,980726.5310425316
2024-01-11,985501.613618884,981390.4944854052,985622.851994146,974721.4502498847,974884.1610355084,991972.0131502117,981381.3168161224,982724.1176551026,984803.6479931808
2024-01-12,983368.6268195942,980672.203349239,984859.8472792894,973074.9121413084,974223.7229710942,988816.3889020628,980684.3802779923,980904.3197637053,983320.9777479564
2024-01-15,985253.9038065398,981634.1574333452,985033.8958368226,973795.1785407813,974185.108553025,986331.0718914684,981580.5068859404,982808.1335721806,983320.9777479564
2024-01-16,975422.6317518748,969095.0660496076,974146.8882495748,959536.4856681846,963388.6868959614,977676.4241508791,969146.052682624,971608.7461882428,975908.0789692705
2024-01-17,969799.3368985628,960141.1145500608,969499.153022693,942572.7768204568,944438.761867689,966068.6741049744,960351.3205747164,961242.2978572112,944773.9267211609
2024-01-18,977910.629184776,965852.6086146828,977763.2856917392,944365.0497424834,946463.388220192,962230.6221561264,966094.8704023886,964938.998208645,951074.9359277876
2024-01-19,1023786.1511910522,1000753.1788633874,1021319.855079338,952745.0067216232,959019.7405758474,980223.0005127944,1001772.7861185926,990352.7191674984,985174.202442628
2024-01-22,1029691.130264684,1005380.60711255,1025882.9605299584,952390.5959136648,964086.654891252,997687.4222164602,1006712.3314332612,997834.621012184,991845.8792105607
2024-01-23,1032156.4792003076,1008384.3798809148,1028039.4908940817,957926.3777506588,969859.8214175946,1000152.820183642,1009610.8414778084,1001166.705410986,993699.1039052322
2024-01-24,1031136.9946493484,1009070.8005140504,1028184.2467090636,960729.6652686602,966167.4187067448,991551.1968427422,1009982.2966603336,1001236.171696591,993328.4363439261
2024-01-25,1048789.2833774977,1020575.1210373852,1043125.8512497824,964912.9316913805,968981.4853494676,991517.8350843412,1021867.4596591768,1008337.7046041926,1005559.6740840145
2024-01-26,1049254.6401406396,1020895.1670265272,1043554.2649023804,965570.0467995512,973240.3047722584,987053.8584836568,1022020.4894313976,1007912.5928154356,1005559.6740840145
2024-01-29,1055681.2464630003,1027357.4751571754,1050480.8682312611,968027.487391788,979520.1261662828,997559.661632286,1028584.4510244844,1014891.6025106318,1011860.6832906412
2024-01-30,1048085.2474702208,1020570.5831864848,1045203.7432769064,960140.9372324168,969514.9077092888,994904.0663773816,1022004.8926595332,1010130.7005428764,1009266.1234733575
2024-01-31,1032623.1883964376,1010601.5948753796,1031928.9965386436,960009.9837587927,967680.0200069617,995008.4168024143,1011351.9214780626,1002005.223645886,995922.9961612098
2024-02-01,1032556.798132056,1013543.5554697184,1032319.1154224623,969770.0546445672,976068.4756927224,1003669.1226139044,1013863.6715528292,1006404.791532771,995922.9961612098
2024-02-02,1039834.228237964,1019365.4184905774,1040862.4023317453,968956.561747649,976624.8303722218,1016661.55045841,1020245.7659251848,1011547.7033734908,1001482.6702452241
2024-02-05,1049707.2601731375,1024202.4552639368,1049862.1871080785,964768.6399013262,970030.2835212136,1010825.565248523,1025634.807168128,1013571.9618755896,1007783.5663399921
2024-02-15,1106019.257658485,1061755.6216400082,1100717.7360686818,965921.2069204408,970121.971396166,1014806.08445941,1065556.875983495,1044293.7822204595,1055226.1863906977
2024-02-16,1091610.5259242195,1054376.8025857937,1088198.6327984375,970307.941360098,974609.867129279,1014835.3341841174,1056473.1588799811,1042203.448700242,1047442.6200507059
2024-02-19,1087984.15811647,1055169.1434422936,1084673.340129241,979272.6379820718,988150.3907051744,1018783.5150219096,1056415.9763100403,1043802.595413584,1045960.0629173404
2024-02-20,1098669.5085373586,1064568.5188278104,1095614.567753259,984713.738207034,992879.5957931728,1023456.9408084576,1066087.019455624,1050375.965759138,1050037.0667561304
2024-02-21,1091102.9176736071,1057750.138056581,1088072.1864912277,982673.89484488,987486.6713593124,1018122.2874574396,1058905.2237844751,1046071.572153318,1046701.2849280937
2024-02-22,1104055.6762471683,1068613.1792600714,1102096.5433075684,983936.8819960672,988666.9885961245,1016350.8671213116,1070278.8587531932,1055955.6947312283,1058561.9682187347
2024-02-23,1108878.540014306,1072922.3310206071,1110259.1551929086,978289.1766598116,983607.895073094,1012385.9842709084,1075114.4095946762,1057995.0498434275,1065604.1994361146
2024-02-26,1111173.5819333324,1075163.278863216,1112178.138725425,979317.5332792926,986374.6833770134,1013349.9733451396,1077499.20468315,1061291.9088186629,1067086.75656948
2024-02-27,1108363.2609365026,1070819.8696801837,1107825.862152217,977415.7418381302,978237.608456742,998880.4160383,1073261.321548478,1056047.0401619058,1062639.0851693838
2024-02-29,1106580.356935993,1074021.6480334394,1106708.579910984,988300.2468406444,989902.7286379734,1025311.6925007348,1075630.937342299,1062340.3574505325,1062268.4176080779
2024-03-01,1104937.3656775802,1069733.5585997617,1103732.2042601537,982177.7560235026,986294.3360177354,1031744.8369397392,1071616.1329827846,1060612.998947066,1058561.9682187347
2024-03-04,1142464.5330362555,1097007.5042756663,1141717.7137769638,987653.8430615546,992159.5129136402,1029023.2282854584,1100786.3850573967,1081302.2467147096,1089325.4529055383
2024-03-05,1149277.8705742497,1100703.5270669544,1148356.1600810569,984589.5668830508,990205.6971029092,1035331.7505113528,1105270.1215335068,1085873.2377032368,1098220.9088175895
2024-03-06,1158103.9229615205,1107721.6608108317,1156813.8572501978,988916.6706756558,993788.6516374344,1040192.702007039,1112624.6437971033,1092176.0724199703,1103410.0284521568
2024-03-07,1186044.8320614258,1126468.2040360651,1181658.272322029,991265.0647839832,995728.9084372632,1031160.6587637432,1133329.148093198,1103046.0692748432,1128984.506616252
2024-03-08,1211062.5377596242,1141258.4410344516,1198896.7113367834,990361.21494995,997590.1987402588,1021633.5153630432,1149909.3640381375,1108187.887158309,1144922.1937456832
2024-03-11,1193641.9503001254,1134659.234472426,1188171.3710855392,1000636.4489807616,1006711.4881924244,1027629.3785701984,1141046.5298055406,1104869.8054123537,1133432.1780163483
2024-03-12,1201248.4799401674,1144746.6345385786,1199111.8754539378,1016674.7883885542,1029444.9799526344,1029651.4149928066,1150800.4432983638,1115426.1647226133,1145292.8613069896
2024-03-13,1210653.590497941,1149935.2469418088,1205595.430837182,1018358.4879591196,1030331.4517419162,1020811.6464907154,1156747.2101565693,1116208.015971776,1150852.535391004
2024-03-14,1214768.5661767763,1152251.322414552,1205775.640618563,1025824.1688456136,1037463.9205861684,1019902.1155603214,1158417.6439503788,1116735.0845765702,1149740.6458189446
2024-03-15,1183270.4631263963,1134155.025096129,1183576.0655654464,1033706.8920134064,1043926.6679852252,1012180.441529956,1138009.422145629,1102428.8585923505,1134173.5131389603
2024-03-18,1198322.5549862364,1145677.636400137,1199359.727965207,1034744.4313538112,1052957.614918223,1007147.5803765728,1151004.5918667624,1113482.530870106,1144551.5261843773
2024-03-19,1196708.102561927,1145347.3923335322,1196738.7303627566,1034632.2800570356,1053983.3811704656,1000107.2890692102,1150522.0727367434,1112213.868643083,1141957.0794789523
2024-03-20,1191789.1343016254,1140230.8665853408,1190663.7891096538,1034309.7138440256,1051764.766064836,998928.5029668036,1145283.282032854,1108139.096664798,1135656.070272326
2024-03-21,1222605.5122485815,1167729.6998358432,1221376.188202248,1051504.8473020943,1077293.569714969,1013412.5804801875,1173853.763316549,1131363.3715762557,1166790.2225204355
2024-03-22,1222428.3075401084,1169108.7620563372,1223049.2131559628,1051166.5526689503,1086226.7460467382,1016849.2950467034,1175578.3910897356,1133006.714162644,1165307.66538707
2024-03-25,1215154.681187866,1164599.6187262635,1218171.1305795712,1051324.3745401716,1084057.922126471,1017476.564989011,1170505.8972017055,1130980.2677460378,1167531.5576430473
2024-03-26,1217021.1991472198,1165517.2559800867,1219141.724947458,1050995.903408007,1079011.4040877323,1011361.1357652752,1170851.0809103146,1127297.0230688236,1168272.8927656596
2024-03-27,1214042.247850178,1167908.5199562106,1222407.8379359387,1059894.8962663312,1087687.5951110723,1014414.669794456,1173441.691052759,1131421.0231235216,1168643.4472151068
2024-03-28,1203599.731494021,1163742.387909232,1217276.0523788307,1062171.5527390973,1093871.7223278305,1013322.0620342514,1169368.318230048,1128420.626564017,1163083.7731310923
2024-03-29,1218642.53373681,1175769.7997972474,1231449.0641949424,1062917.9147180452,1094701.0297954176,1025794.1840884248,1181529.705824183,1136704.508471331,1169755.449899025
2024-04-01,1206432.6654208004,1167284.268258881,1219328.525653672,1067632.3962887672,1099760.6047784237,1030459.6170975628,1171407.3314554873,1132665.0713123386,1166790.2225204355
2024-04-02,1227877.4081503495,1184655.2834076802,1243144.2355592975,1074036.3749021988,1110226.8238157572,1026617.8009382352,1190951.2745850112,1146345.1161645858,1183469.244772479
2024-04-03,1218275.973256545,1174807.5718481317,1233798.9199391594,1064520.4808605234,1104716.4229051345,1036136.1373883098,1180905.115928011,1139121.3882317548,1175315.1239830395
2024-04-08,1222847.7059291457,1179633.2128153262,1238049.823174128,1070104.9245485205,1111095.7132014062,1041332.4649740688,1185378.6611800466,1143607.8163245772,1181986.6876391135
2024-04-09,1259534.5640038117,1205979.9234961292,1272120.6373479872,1077127.6614169334,1117114.957310001,1045178.7984386928,1213700.9322724224,1164807.832733936,1210155.725620492
2024-04-10,1256315.6903791998,1203276.5282601025,1269136.1579533014,1074575.4000653366,1108459.8093584825,1040795.4351851104,1210103.1409264,1162977.9704358052,1208302.5009258206
2024-04-11,1258131.0449318842,1203478.7021763115,1271407.4654409152,1065645.8682449025,1097665.9959359036,1036530.346950624,1210837.0681171166,1162400.5797973445,1204596.0515364776
2024-04-12,1256620.9922343418,1198804.180863343,1266501.2711569143,1062983.0473316358,1097825.0254849803,1036028.6169913064,1206419.6976128223,1161467.981238633,1201630.9372697468
2024-04-15,1240479.9021253288,1182142.073484703,1246216.890991862,1054147.1789944835,1084330.4900639828,1028728.8545477676,1188674.3336678168,1145404.0941350216,1186063.8045897624
2024-04-16,1208949.2259554162,1150039.6924709782,1212808.9771296168,1027711.7357976356,1055301.9216024606,1001125.1588442624,1156621.9747264108,1114720.99987693,1153817.649657735
2024-04-17,1227207.3867180252,1164490.3084295697,1231031.4188082805,1035157.7856806018,1068873.445791717,1008743.277216553,1172950.365975137,1132160.9758098703,1166790.2225204355
2024-04-18,1229314.356488113,1167763.8708498406,1233370.1837536446,1041507.1625846616,1079654.13070371,1018961.692749375,1175856.7592438883,1137082.580098183,1178280.2382497704
2024-04-19,1166337.447947533,1118575.2194843409,1172471.794535519,1021957.569946048,1052855.7355038887,992056.5575764108,1122437.771514246,1093725.881661174,1118606.3804589764
2024-04-22,1159735.8454456837,1117320.5106115637,1164977.8240593942,1036630.9833336902,1064142.805284507,992640.7051042478,1119084.7321981955,1087234.3393181912,1115270.5986309391
2024-04-23,1172554.9219257734,1126949.5477274605,1177584.6304362542,1037411.8062939096,1064958.2508822212,993575.9491463784,1129554.038874767,1097767.6161303998,1126019.2792376622
2024-04-24,1207636.5265053085,1159214.6138519926,1217678.2616938052,1054493.8324493594,1091514.5717357907,1012922.6362576538,1164273.6055566885,1127591.0787785968,1159006.769292302
2024-04-25,1185719.995119658,1139820.178670235,1193894.9291923018,1041177.5915210894,1078372.0990094976,999853.7220683838,1143753.473781642,1112226.2303600488,1137879.9625283033
2024-04-26,1203460.6291128667,1155168.5460514876,1213417.5302453332,1048198.943733917,1088402.4072174667,1012018.379287752,1160376.329910161,1126962.053357765,1156412.2094750185
2024-04-29,1227449.2835253002,1178203.8355809522,1234573.7281710664,1069498.8146502234,1113850.4642677554,1030143.4402347496,1183133.635577598,1147966.579605902,1177168.348677711
2024-04-30,1221637.05250629,1170881.809754627,1226562.1247546966,1062222.8982697062,1105346.6327875704,1027536.1256994175,1175572.019141118,1142426.014303491,1173091.231727062
2024-05-02,1202569.510491923,1156730.8067085776,1209511.862507265,1057165.2913104028,1097014.4862269447,1016743.2493888652,1159787.8862716374,1132671.1974729586,1157524.0990470778
2024-05-03,1215123.7904555378,1166604.8513331336,1218878.822903058,1062799.8220826278,1108394.668105844,1013157.5991065202,1169860.6520474758,1138713.6703633305,1163454.4406923982
2024-05-06,1228258.115598783,1180957.0240751894,1234469.845946632,1083409.1787491702,1134417.257527118,1024768.385659362,1184902.5210505982,1149523.1713820782,1180133.462944442
2024-05-07,1243182.3400055186,1191640.0052761931,1248928.1486439556,1084042.9563019194,1136627.351939694,1023563.7811374728,1197009.6002208556,1156816.8031834157,1186805.1397123747
2024-05-08,1247301.0471887668,1194824.5311254952,1254197.643523502,1083403.715040679,1131613.4375083472,1014466.266762618,1200552.6789746752,1159448.207961274,1191252.811112471
2024-05-09,1238105.5531476228,1188756.885239357,1248541.5468401413,1078192.7284940586,1130533.0260743457,1014807.0572143496,1194654.106231265,1151621.2719987966,1189770.2539791055
2024-05-10,1249849.8583632282,1199632.233806523,1258051.5058214285,1084727.3862958767,1139038.8114515587,1021754.444173101,1205017.4544312172,1159914.780729943,1198295.0423298508
2024-05-13,1264349.9457749482,1210772.9737159454,1275165.9653841788,1086621.0787283413,1136975.187753276,1025885.0462874562,1217508.1510282657,1168253.141708488,1210526.3931817983
2024-05-14,1270558.4726581909,1218148.7037652934,1288158.264169959,1083805.1823880312,1134158.135727895,1032219.9269860128,1225759.9952275795,1175430.2670623146,1218680.5139712375
2024-05-15,1286809.5136869836,1229408.2772347173,1300159.2762062135,1087401.35522157,1140864.1669757424,1038913.137653084,1237914.2296082422,1184468.2137045497,1235359.536223281
2024-05-16,1291647.4575279336,1236319.9540568113,1306369.980002296,1094408.587379038,1149428.0659456877,1050585.8627855512,1244421.054505159,1193264.614585185,1241289.8778686016
2024-05-17,1286877.8863958796,1232532.4089542774,1299270.9145368324,1093349.788171647,1147815.657646338,1048063.0156816,1240060.4442346627,1190699.9411997977,1239807.320735236
2024-05-20,1288355.2676229842,1233991.40632918,1300202.6295550892,1095363.5193316056,1145980.3876120746,1049618.5289572738,1240881.5991166283,1191437.049597287,1239436.65317393
2024-05-21,1291197.105816042,1231428.416160738,1300894.1662344728,1087135.3384694469,1136205.7337149174,1041925.3972776536,1239401.1670843193,1189483.3513380466,1237954.0960405646
2024-05-22,1317302.8340338008,1252158.286880478,1325898.9166309054,1095367.0249936592,1148087.6913880797,1050026.049716893,1261972.3623246043,1207131.1791491748,1260192.7923766228
2024-05-23,1331942.094860294,1260452.3651165792,1339033.172495419,1095236.6649463584,1151707.5069505095,1056250.8457557252,1272178.2871345845,1210245.3472630556,1269829.5834112864
2024-05-24,1320486.6199488705,1253139.895994676,1331786.325324651,1090875.0116581449,1149582.4696468837,1052911.8300167774,1264913.8032724182,1207887.869381504,1264640.5768885778
2024-05-27,1329307.3185079328,1267551.23145219,1347101.498260463,1103434.0681181466,1170212.1322783984,1053819.2122062522,1279580.594007251,1221242.4619507992,1282060.8211513746
2024-05-28,1324187.0129476686,1266289.5416735276,1343424.343300864,1104010.1450744127,1173690.2956161725,1047525.8130394733,1277617.5990839803,1224302.9167635276,1283914.0458460462
2024-05-29,1311276.3101566231,1251687.746347587,1328563.8761099323,1087520.6465159738,1152628.1256548893,1042002.5688833032,1262628.637727528,1213329.8691353635,1266493.8015832491
2024-05-30,1288258.911575735,1233536.5487943578,1307864.6083993071,1080369.0368147576,1140413.7191614553,1039461.997633994,1242977.265686807,1196637.6129852724,1244625.6596966386
2024-05-31,1269453.565608838,1219435.484539757,1286272.562572585,1084374.785800164,1132239.3334944274,1030563.1983082908,1226034.1391804707,1185981.047190581,1230541.1972618788
2024-06-03,1299578.831523451,1243507.1329058777,1315991.9009064254,1092134.530880086,1148122.6716546894,1048175.8546014982,1252601.315736609,1206287.0817322813,1256857.0105485856
2024-06-04,1288269.5300227336,1231124.049421475,1301027.6878147323,1081042.099993762,1135738.183415365,1040807.1688179268,1239613.123573322,1196197.2951906906,1236842.206468505
2024-06-05,1301317.6582804238,1241314.983378218,1314123.1452716128,1083851.1086881815,1143582.3936037098,1041452.920195992,1251685.7007927916,1203381.3124752152,1248702.7766472877
2024-06-06,1344390.04772926,1272859.2282379356,1356153.6834564416,1089318.4330062782,1149462.4678744143,1050306.27343171,1287456.8218937446,1226783.574231837,1291326.9446247322
2024-06-07,1333408.5552794193,1265057.091121108,1341947.869386496,1095997.1867088196,1154414.9961109776,1054547.9763510355,1277303.7164644655,1224301.275827647,1281319.5991406215
2024-06-11,1333191.618031904,1263895.2732564968,1342694.9212871245,1094884.7252068568,1153341.743703209,1046520.3445945235,1277630.886902112,1220589.9164490148,1284655.3809686583
2024-06-12,1360729.355800497,1283110.9295278413,1369168.5396568335,1099830.9523795012,1162035.495957148,1052591.917365505,1300093.2628760373,1234975.782521298,1307635.2993154696
2024-06-13,1379569.417568966,1302074.9943806208,1392359.7446566082,1111458.101601756,1174667.2033206106,1065749.011820541,1320745.8606764933,1249710.949144662,1326538.2138234908
2024-06-14,1387940.4967089552,1311568.8688614636,1402849.3331801756,1123002.4790709617,1187811.6378771102,1080096.5926398784,1330316.075735266,1260503.1656388026,1334321.7801634828
2024-06-17,1387536.3647733151,1310080.4189762336,1400195.3151876798,1125135.3131856157,1188439.029391439,1073801.4147802144,1328684.8791022582,1260044.3599666343,1334321.7801634828
2024-06-18,1412287.73590267,1328826.0975517128,1422156.184913703,1129991.299636456,1194216.9617599817,1080049.8713069498,1349258.5718035745,1274657.5503562198,1356560.476499541
2024-06-19,1454327.744579055,1362981.260294754,1467859.399345794,1133863.4207379804,1210757.934230222,1101327.8107866086,1388904.4939917242,1299980.472863023,1393254.302831665
2024-06-20,1456658.7836385325,1373254.54126263,1477670.080917708,1151313.1217180854,1232831.6604728592,1107528.3666472938,1399827.5728142308,1310989.9492677324,1406597.5432556714
2024-06-21,1444567.684263574,1363513.1397617154,1462302.215045204,1147116.5608617172,1229989.341456846,1093543.3922798086,1387867.6394428734,1302436.625688851,1398072.754904926
2024-06-24,1412705.3421271984,1336572.8781440677,1425409.064460367,1140464.8513210744,1218852.0750961995,1080097.2312813697,1356401.6065220211,1277809.2412039,1363973.3752782268
2024-06-25,1416685.352853649,1339668.9205389663,1428531.654897738,1144390.1484300725,1224336.9535380937,1075476.9268348615,1360574.8831427342,1281297.1051156176,1363232.0401556147
2024-06-26,1429814.1120408832,1345160.5516867505,1440331.2470462709,1135438.8129548384,1216460.3297144496,1070126.362465473,1368840.8566559902,1287498.5299949404,1373980.8338741965
2024-06-27,1428217.4077480962,1342451.5937977033,1439047.3933562874,1131826.2588210714,1212778.830830445,1061184.0642485332,1366789.66208493,1282977.9704358054,1373610.1663128906
2024-06-28,1434195.6284609244,1348782.9999914365,1446229.820736331,1135082.4120174656,1219157.8072328118,1069137.412831515,1373751.9164732916,1290050.4040804603,1382134.954663636
2024-07-01,1438521.7473339462,1353039.3495608666,1450100.2453957784,1138720.929843357,1226723.7731416875,1065276.7418375353,1378318.4681611666,1291524.6208754394,1383246.9573475542
2024-07-02,1428209.271945416,1343022.115427396,1438584.2458703343,1130998.856639441,1218204.307796591,1068292.2905318923,1367549.8386656332,1281487.4536777476,1373980.8338741965
2024-07-03,1451503.6931638406,1362112.2842786436,1458549.9777654067,1143312.494869321,1230950.08770208,1070849.124707232,1387273.461754447,1297901.9540811442,1390659.85612624
2024-07-04,1484322.561022318,1386810.2625343346,1488517.6275023038,1159118.7767244207,1249374.3246216497,1088363.9001996447,1415119.3981578313,1317511.2472480135,1426983.014897058
2024-07-05,1485539.6543452952,1386868.0550405572,1487503.2161422982,1161652.2447411208,1252781.5803045654,1088937.205914074,1415232.1833731467,1319418.999302602,1421794.0083743497
2024-07-08,1518141.3126719373,1415076.1732168186,1522141.912019287,1172022.3064205162,1270266.4680073354,1088257.0879769337,1448501.7456422714,1337429.8021304817,1466642.0686077718
2024-07-09,1521836.1088783708,1419542.7339336164,1529268.903406857,1166519.489709342,1261136.8122964909,1079292.826495124,1454501.4019773903,1338658.0973348466,1465159.3983625474
2024-07-10,1526072.4229322604,1423718.4128629994,1531111.349050977,1166864.6106576552,1263134.1168569038,1072850.6534885997,1459221.1811716598,1344651.23275308,1470348.5179971147
2024-07-11,1563070.4105778474,1450545.5183419017,1562068.975991514,1176655.6877961194,1280803.511535359,1069246.1037938455,1489813.9300376233,1366100.4526248137,1502965.2273785896
2024-07-12,1517060.7179898862,1418897.461226742,1519312.2571487927,1170134.7924631103,1269900.1569017954,1064037.3595364215,1450334.2459453235,1339601.854257545,1455522.7204397428
2024-07-15,1517064.0417790853,1416143.6912691155,1517847.7815056797,1169379.921323061,1264029.3142497786,1057863.3568763305,1447757.282077824,1337497.518084481,1458117.1671451675
2024-07-16,1533283.703505873,1424554.108170682,1528296.5458743605,1168001.62030425,1262950.519976369,1062886.754046934,1457658.948324343,1344100.644067333,1459229.1698290857
2024-07-17,1508573.2813015163,1409219.1810052367,1506069.564376518,1168030.746743598,1268723.5707417324,1051550.690716267,1437613.742707715,1331362.1682232765,1438843.698187699
2024-07-18,1484607.326006153,1390034.0380283082,1478523.8528259946,1170921.4528748388,1260465.408393494,1049726.803118711,1412549.5931372368,1310562.6495644683,1412898.5524622982
2024-07-19,1442728.6697716005,1359426.8411733482,1443454.2710183605,1159758.367538914,1244565.34275737,1038648.5678965452,1378923.2372117962,1280921.2214032738,1380652.3975302705
2024-07-22,1403804.140396026,1324657.930734568,1403944.3149411932,1139380.3716945343,1212180.8532259276,1026424.66502359,1340000.7251601769,1246627.6306253332,1339510.7866861913
2024-07-23,1449701.2389080296,1362883.170227648,1451069.8485277947,1159207.471355572,1241070.701101565,1039992.4550175124,1383124.165762978,1281065.7331564769,1381023.0650915764
2024-07-26,1385541.3023730195,1314880.788474203,1388125.9787433206,1139617.0438985303,1219986.1539758958,1014596.2164786712,1328505.0815774268,1238910.5279711194,1326908.881384797
2024-07-29,1401896.2558517985,1325394.3121133514,1400780.244601633,1141597.0758352575,1222358.0839872684,1002648.7704168154,1341953.4618513854,1241446.6490721875,1338769.564675438
2024-07-30,1401019.7257631386,1323644.3407350814,1400768.8370575134,1137451.1977327808,1226071.3836744844,1009281.3957250552,1340255.1532377931,1244755.7603686636,1338769.564675438
2024-07-31,1396381.36072828,1323182.8768753856,1396028.8277018175,1146590.757827239,1239796.8609196525,1017512.0714460452,1338847.8341422072,1243399.143978449,1340622.7893701096
2024-08-01,1431393.3516339008,1349239.3957541245,1425546.5172130903,1159394.2824132354,1254365.0144213375,1034181.0415999969,1366497.424502941,1268197.8421693172,1363973.3752782268
2024-08-02,1363058.8661438315,1289876.3269172069,1353477.6033349764,1133106.102195908,1204807.670587283,1006998.476251771,1300691.8986422436,1211962.6413597888,1295033.3940140752
2024-08-05,1247232.9645824027,1186627.5426820242,1239442.2065419245,1069092.5487360863,1122465.642298665,957422.993245868,1191593.8520035285,1110739.7612438295,1176797.681116405
2024-08-06,1321424.6400275216,1241504.9650226347,1307532.1162429056,1082154.663750439,1140159.9708690264,965294.0197946844,1251154.6313052212,1148274.637968521,1241660.5454299077
2024-08-07,1373385.6162927407,1282782.611236417,1358215.5694226434,1095791.001601394,1160725.7480216469,994168.1990101838,1295109.8329690972,1192761.6130399706,1290956.277063426
2024-08-08,1342307.4209792009,1258000.2315310824,1326662.4666240949,1083430.0517671723,1140796.7014003173,982039.4419665264,1268299.652778378,1168947.038794459,1264269.9093272719
2024-08-09,1387749.0291033525,1295820.5565388005,1369085.0207514898,1106130.400965761,1166381.2656894815,993525.5461353484,1309232.3655796556,1202491.8158322964,1303558.2954766792
2024-08-12,1400266.6498034238,1312859.1058604012,1388227.4284281542,1120701.1929380835,1189740.5269110445,1011881.8825238716,1326276.920771336,1219533.591324919,1319866.6501674168
2024-08-13,1399867.6878474583,1312195.7263127554,1388308.598938954,1122654.0043776273,1190366.6005062384,1012014.7442355078,1327116.1221258915,1220839.2293071148,1323202.4319954538
2024-08-14,1414762.057066517,1328726.2225644244,1404794.9937967486,1141275.1144436651,1206502.8510919958,1021117.9978320792,1343011.452998366,1233759.7396381735,1339881.4542474973
2024-08-15,1401747.0238991822,1316161.021324259,1391956.4590493308,1126962.915204752,1190482.2110015317,1012275.4968145216,1330963.0588664068,1226361.8537105662,1329503.4412020806
2024-08-16,1434987.7311101523,1344969.8258488623,1425861.063806399,1143455.2007216918,1205874.5113931915,1028227.3498899674,1362060.2034684296,1251799.641728999,1359525.5907662718
2024-08-19,1439912.424475692,1347376.870406666,1431460.5384011704,1143284.7117863577,1204566.4056274013,1026312.0695279852,1365282.7211392084,1255177.125353827,1361378.8154609432
2024-08-20,1441281.5768674463,1347255.7291425571,1432220.873061684,1142453.944879625,1202722.9160951,1028340.5885572116,1365385.592152551,1256267.5819442356,1362120.1505835555
2024-08-21,1424032.3533565882,1334426.0023140016,1416030.6428073533,1141214.3972966308,1196791.6786241354,1028426.9208908174,1350478.8115219867,1245557.849827018,1347665.0205874895
2024-08-22,1417061.763570317,1328631.2878509862,1408403.3439391744,1137814.2905082984,1195252.6880246594,1022946.742876878,1343203.111588291,1240569.5141462348,1340622.7893701096
2024-08-23,1416357.2019762038,1327215.935871845,1407033.2548310552,1137946.5948828864,1195612.8827724983,1025943.9888286112,1342016.6000314725,1241085.9713656688,1341364.0113808627
2024-08-26,1417706.630628461,1332927.7770878423,1410471.915293787,1149875.326888934,1208614.030408838,1031056.5607315896,1347020.2999364126,1245682.670349656,1343587.9036368404
2024-08-27,1407778.5649980025,1326387.069485727,1402361.9722931965,1147107.1208119446,1205317.6160045278,1035225.9402534444,1339601.3952508976,1242595.4135842142,1337657.5619915198
2024-08-28,1430775.521611154,1339352.70976426,1421575.2975402018,1148811.5606052915,1208214.57559895,1030679.1373872228,1356229.2124182363,1252994.352445678,1356560.476499541
2024-08-29,1410140.6723408075,1326652.2760627922,1404245.3677317267,1142882.311522134,1202792.1995162098,1024775.8623661344,1341012.5565875345,1243539.1705069123,1338028.229552826
2024-08-30,1412577.1583706532,1327784.469580806,1404931.7156039462,1147093.3010447656,1203826.791842697,1026355.8806384684,1342154.3061864094,1247249.3265325658,1344329.2387594525
2024-09-02,1414842.0871469958,1327931.092937227,1405545.3111896317,1145131.1384518708,1199200.264102678,1025915.3253453716,1343629.0862081689,1245401.5233354757,1340622.7893701096
2024-09-03,1403106.9178889878,1318935.4496581363,1397700.7854257068,1140309.1357001965,1190587.4997636306,1025822.2928158204,1334989.542208984,1237398.2414637147,1334692.4477247887
2024-09-04,1335973.8689853174,1257862.5456755804,1329182.2708732218,1104482.8388137838,1148781.1464555631,989863.8637901885,1272219.765387987,1181417.8232985546,1269458.9158499802
2024-09-05,1349274.362132086,1263384.6534250376,1336323.767853562,1103683.4197699346,1142592.7910839545,991187.100384182,1279770.7208090094,1186736.6434656566,1277242.4821899722
2024-09-06,1368235.3528158988,1281298.6586460636,1358640.663117579,1114939.9415762343,1156100.152273861,1008675.9249119768,1298593.3582413222,1200598.0664305545,1295404.0615753813
2024-09-09,1346210.2220989598,1258857.239130231,1334493.401592173,1101948.089102953,1138980.458704982,1002559.1538680744,1275235.48436514,1184312.9811702608,1275389.2574953008
2024-09-10,1347222.029541308,1258008.6241672533,1334648.987996177,1096961.504021532,1133764.2715848002,988882.8878830662,1276160.2038827892,1179812.0034459657,1277613.1497512783
2024-09-11,1344428.620471658,1255334.9880006271,1331490.0601318325,1097457.472766379,1133172.4784810569,990206.8993737572,1272646.622582706,1177959.168045509,1273906.7003619354
2024-09-12,1394814.8368429814,1297685.611690807,1383051.8568559955,1116543.6907858553,1162802.5761203058,1014280.664667046,1318567.4157930913,1212811.770980049,1321719.8748620884
2024-09-13,1403340.2411471205,1304191.7266341075,1389821.6704468988,1120541.6921904604,1168155.7887737595,1019307.7625768248,1324129.062834453,1218771.3219105965,1322461.0968728417
2024-09-16,1407377.8779361912,1308953.3062210914,1395257.9244743923,1126187.4915891753,1179299.4762823572,1022634.8832286298,1328308.234672733,1223836.3439948582,1325055.6566901254
2024-09-18,1397227.2499471784,1298819.4956971945,1383232.9245336198,1118515.1689041497,1161790.3789919894,1013481.022443994,1317468.0543358887,1214245.0737737422,1318384.0930340514
2024-09-19,1419054.2878215786,1318901.8248211788,1406244.7545864952,1128435.2398259847,1179472.930088474,1031602.6761890524,1339177.9833066254,1234624.5128471605,1335433.6697355423
2024-09-20,1432072.4984957117,1328913.9957125098,1418564.5415118013,1135860.50570972,1179402.3030801816,1039508.4152401264,1350651.866036461,1241162.6577691478,1352483.359548892
2024-09-23,1441385.6429887165,1338998.4149498057,1427996.570513164,1144688.5434802377,1188859.5646032228,1043956.110440097,1360750.710326855,1248226.1209643232,1358413.7011942123
2024-09-24,1452192.9077610034,1349930.534953866,1443206.1461660764,1150518.6605599734,1197791.8595386168,1051249.0674503983,1373382.2655557902,1256417.6728794323,1371386.2740569129
2024-09-25,1473586.190357274,1371109.2579573034,1469814.544518412,1164889.911759178,1213195.180918011,1065229.1663442706,1395381.1684191858,1274891.1102298675,1391771.7456982995
2024-09-26,1484594.3367310036,1379452.8549503796,1481025.7242732756,1166739.3011638136,1215557.0826159185,1057626.6466502564,1405475.1596646586,1280335.9542725866,1403261.7614276346
2024-09-27,1470617.3316959112,1376695.3512396044,1475155.006654762,1175054.7159026768,1226323.4363681446,1070519.1107122912,1397111.367548803,1278318.3689097348,1400296.5340490448
2024-09-30,1419987.7390503858,1335776.7132023957,1423383.4653282736,1159911.8935424031,1206892.8032343911,1051418.3418979333,1351618.1396868932,1244810.0206484431,1363602.7077169209
2024-10-01,1436904.118621795,1347995.571018614,1440391.1301190394,1159437.51394682,1207509.8889671592,1050251.0732427256,1365715.3236851282,1254099.468063285,1361008.261011496
2024-10-04,1434412.5495943269,1346645.3583699914,1443363.2432618188,1156275.0040232523,1204044.283772878,1032242.3813451872,1365816.8042389262,1249188.475160333,1361008.261011496
2024-10-07,1464486.600488539,1369476.0432377253,1472996.3778865812,1161873.7892655616,1212438.1934817175,1038492.18571476,1392604.272889079,1271584.2962436243,1394736.8599650303
2024-10-08,1464769.8666539972,1364889.062231128,1469545.8785221332,1148695.023760436,1205111.0233533138,1035811.3031622268,1390163.4207951166,1266477.81317945,1388065.2963089563
2024-10-09,1473498.207449126,1370305.9182022386,1481052.9850439923,1147523.409324621,1207761.2035348576,1039958.9841765304,1398817.215833694,1269148.9286056147,1401037.869171657
2024-10-11,1498284.2415921192,1387939.7966310815,1507310.848029377,1143703.6586255222,1206936.9443688209,1035832.5394510868,1420646.1223259915,1282734.8931340508,1424388.4550797744
2024-10-14,1502560.7396967288,1391297.4482816106,1509460.069337318,1146857.0015625216,1212171.697909481,1052300.481967106,1423256.5507000815,1286859.9871460022,1425500.4577636926
2024-10-15,1531656.6435641092,1414088.8605049702,1538505.9381663597,1159448.146133938,1227358.7763860426,1053428.7551282784,1450921.81655219,1304601.3483023152,1455893.27488919
2024-10-16,1503849.2536519666,1391779.4982747796,1512064.5013539044,1147731.484260259,1215515.1524098665,1047444.350199438,1425983.6603525265,1288859.084631268,1430689.464286401
2024-10-17,1499908.5082854794,1394148.0057421967,1510104.305381721,1158361.254883153,1229766.3083956062,1054420.9885995428,1425461.5241305782,1291259.6644286125,1432913.3565423787
2024-10-18,1542691.547527854,1427405.7025816415,1555798.710524194,1163907.8334661925,1238529.3007044548,1063208.5255348638,1465732.0266457298,1315536.326218053,1468495.2933024433
2024-10-21,1542084.327323838,1425227.1641362368,1556609.6606696777,1157472.3251976029,1233123.5996928886,1067728.0272984798,1464582.4895217556,1318631.459475721,1468124.6257411372
2024-10-22,1535643.363212271,1424705.6423340044,1552450.2975568653,1163615.8496108952,1245442.4504098888,1073938.523748604,1463218.3976177692,1318233.80601403,1462564.9516571227
2024-10-23,1517297.5124805905,1409300.2741827038,1535120.580901155,1152731.1698241662,1238061.377579033,1063676.9048788291,1446944.2121484303,1306994.161003159,1452928.1606224591
2024-10-24,1513444.5289894664,1403040.0990351157,1528733.9055959955,1149882.94057419,1229213.1149887084,1062539.349189779,1440135.8264989424,1299027.1985122182,1444032.7047104076
2024-10-25,1521891.9989437356,1413861.720366784,1541828.7750965324,1155339.1444461534,1239200.6217887898,1067845.2759460215,1451655.885905012,1307760.9156422212,1455893.27488919
2024-10-28,1507902.014202356,1407431.807534343,1532123.8693135383,1156664.1067029056,1242688.4431925272,1063668.1381134167,1441731.2942068062,1299338.101163697,1453298.828183765
2024-10-29,1492916.2680498513,1391376.0193468328,1514663.1965012858,1144577.014673489,1229729.739115077,1052156.3368338028,1425381.5127324867,1284132.3141298252,1419570.116118372
2024-10-30,1480539.694800448,1383820.0367220435,1505002.6048258103,1142327.2860416565,1227092.6769279346,1050189.238102421,1416856.2303618174,1278186.2188734976,1421794.0083743497
2024-11-01,1470722.009146992,1375446.1483026815,1498730.844099881,1129117.5280912886,1211456.898646699,1037939.0145893992,1408377.2120411568,1275926.2125832434,1412157.217339686
2024-11-04,1488175.6046408198,1390394.845401093,1516750.5218037355,1138723.1287563974,1225067.4321184717,1045016.54683797,1425982.5709270444,1286305.5696098676,1430318.796725095
2024-11-05,1496927.4628725073,1398358.161374746,1527957.3728466774,1142267.41307445,1229191.459661063,1055241.930101972,1435199.262987062,1294225.382543177,1435507.8032478034
2024-11-06,1507795.716133438,1404642.7084440887,1538554.4841851122,1137800.365241639,1225860.7862968063,1056875.085232897,1442885.887625151,1300419.6967003513,1446997.8189771385
2024-11-07,1517724.669090965,1415082.2860153003,1548296.0605971212,1149819.7466880349,1236744.8755420598,1061411.5620983455,1452375.9803794348,1311142.3375131616,1463676.841229182
2024-11-08,1538911.4999152557,1425747.7432236257,1568024.1562279298,1147540.2619262517,1236301.1469839152,1065101.7586053023,1468844.6913566822,1319267.814410152,1475166.8569585173
2024-11-11,1536339.4596328023,1422241.9549140907,1565214.4220408497,1143749.8553639336,1235451.6940358323,1061155.8890259927,1465544.8672333113,1317909.5570840568,1475908.1920811292
2024-11-12,1495913.7806900777,1388167.7144793484,1521203.2023250577,1124653.358720341,1213175.0151242886,1035660.2303384426,1428429.534828322,1287222.9621627536,1438102.363065087
2024-11-13,1487431.8860976466,1381797.61770784,1513611.758234401,1123174.8116712675,1212165.1813000888,1047156.75136319,1419743.4465472577,1280415.4849649249,1428836.2395917296
2024-11-14,1481822.8745673671,1372712.9879945044,1505835.3626126875,1110262.5353648255,1199677.250109911,1043556.4378675072,1412385.254049203,1272302.3697849007,1415863.666729029
2024-11-15,1482490.0380422946,1373716.077752707,1503189.559922682,1110509.8273005683,1196967.8812621522,1030588.8916867768,1411840.3239821363,1273836.4260416524,1425871.1253249987
2024-11-18,1470243.6402470637,1366568.326943465,1491255.2905887251,1111519.426564319,1196757.2132425895,1019914.5450940112,1400778.9060299988,1262845.437514529,1405856.2081330596
2024-11-19,1489733.004142702,1381793.9685390748,1510455.3729380984,1120069.4941995149,1204921.5377598826,1031405.3496595536,1418130.7738881072,1279775.3011801064,1425129.7902023864
2024-11-20,1474752.499408468,1371428.8216679692,1497742.7953590804,1115341.2636951024,1200746.872285756,1033112.5527567016,1406885.277872115,1270788.8799245171,1419199.448557066
2024-11-21,1459806.240653728,1358543.6209415805,1481487.7618923248,1109206.990338713,1191326.3150751193,1030241.982417748,1392216.4424843153,1263356.31555197,1403632.4289889405
2024-11-22,1492048.1948731928,1380777.7184771409,1511856.3547747582,1110736.553331109,1199442.0594254818,1039414.0205738498,1418633.7292042763,1282884.9840692475,1431060.131847707
2024-11-25,1489210.187821481,1381020.3240547013,1508093.2476259938,1125110.9374026412,1216618.4150839604,1049542.4807266486,1416762.084850215,1285352.1858633377,1425871.1253249987
2024-11-26,1468822.7814172122,1365159.4343044166,1486130.8436377414,1115698.527109068,1200792.3419693003,1040634.8365165248,1397425.8295021085,1270251.199934363,1407338.8783782837
2024-11-27,1450340.9834946902,1346622.675802375,1466179.5417717393,1103117.6655774296,1182451.403275512,1028896.468376931,1378625.437505343,1250984.6435750525,1386953.406736897
2024-11-28,1452132.578660918,1346820.673250689,1468534.6731078108,1097144.0475104633,1177380.611935113,1026057.4011751506,1380334.2013098688,1248975.0441001516,1384729.5144809196
2024-11-29,1442216.9732674283,1337528.0792690506,1459429.68810486,1088970.8984580354,1170701.093402326,1018933.3359747566,1371405.5323844375,1246936.2359665798,1388065.2963089563
2024-12-02,1485572.5384628505,1369805.7356280475,1500403.1956666503,1099117.9779199697,1181466.3206232197,1038352.7643176152,1409155.855598436,1273509.33282282,1421052.6732517374
2024-12-03,1509173.301056039,1388625.8161355,1521641.0259627425,1110662.6072650943,1192626.8906854112,1050237.501407354,1429288.6358898494,1289782.165761873,1440326.2553210645
2024-12-04,1526273.0055972168,1399824.969546666,1539001.7946470077,1112664.0791811966,1201577.9077048427,1066520.2132931673,1443941.7980101972,1302545.2556441356,1448851.04367181
2024-12-05,1530176.7111714147,1399996.8747754623,1540678.8875305403,1107974.004518235,1200549.177300799,1068268.2505628616,1445956.927760444,1303251.514447073,1456634.610011802
2024-12-06,1522403.0400232233,1395210.187269692,1533181.303345865,1107701.3975265194,1201264.7220859835,1074848.2134530917,1439527.2604526454,1299069.2064707573,1451074.9359277878
2024-12-09,1533544.232830258,1401104.6224336708,1542629.6424794828,1104450.778598806,1199986.0552897824,1080775.6138538355,1447484.0642302963,1303548.9614243323,1452928.1606224591
2024-12-10,1522321.9364556328,1394522.1625130496,1533697.5033574426,1103091.5663464973,1193665.8254812174,1079607.1628975829,1438585.7645243497,1295249.8735111926,1442550.1475770422
2024-12-11,1500649.2294151075,1379029.4695162748,1512769.3143814576,1092840.148472342,1188135.1245298693,1081893.8303305986,1421188.052969529,1282846.3673781946,1429948.129163789
2024-12-12,1518534.0616366535,1389452.0393412183,1527416.209048235,1090445.7306921852,1184984.4975541944,1075363.7808609046,1436478.2204169966,1290865.4022344076,1446627.1514158323
2024-12-13,1520375.3612089653,1389889.8355027605,1531702.7685069423,1081833.7213408668,1178060.6064596912,1082962.6412453307,1439851.7523527343,1289391.1854394288,1447739.1540997506
2024-12-16,1537170.59141756,1394253.4972730523,1539744.1867590812,1076620.402991881,1170736.2017919626,1077221.257968553,1448624.2129127376,1290478.9071367036,1453669.4957450712
2024-12-17,1530471.803820697,1389622.3752039364,1533969.8072751411,1077629.573456013,1167729.626901372,1082663.0882776242,1442464.8909205168,1289252.799846846,1461082.3945237573
2024-12-18,1542770.109162403,1399690.3608529614,1544905.2538218154,1084063.4121465797,1174273.6156916684,1084324.6766553782,1452214.2701785115,1297691.3673098222,1461082.3945237573
2024-12-19,1525749.4064888048,1384840.7337337122,1528297.560422766,1071618.1684488703,1163011.220549964,1084639.1107257367,1435678.0884057486,1284449.3429419247,1441067.4773318178
2024-12-20,1485582.2559220605,1354475.5661093348,1492418.82203182,1054525.623087663,1147935.0772947532,1070862.7000898824,1403223.86147185,1260812.8649373024,1427724.35001967
2024-12-23,1534465.6211125709,1393289.0631027094,1540129.9898913566,1072900.0515517455,1168522.3742861568,1087017.8240595197,1447658.3962953154,1294099.35866756,1462194.2840958165
2024-12-24,1536658.9406097557,1395328.1714864618,1540709.5927819002,1076957.7892907113,1169251.8443886354,1079447.0818703182,1448900.050655059,1294978.7909037457,1466271.4010464656
2024-12-25,1541815.1486675397,1398300.715610555,1545915.3502398736,1076754.128422912,1168124.0358075155,1085662.724062686,1453148.2969319625,1300573.7258816613,1470719.072446562
2024-12-26,1542579.4688236555,1398837.5366950084,1545973.1900925513,1075858.0387894972,1170361.2239615791,1081808.119101043,1454132.456146781,1302075.2916079806,1469607.1828745026
2024-12-27,1546655.118287089,1402364.2020720872,1551210.70305541,1075891.7117720156,1171077.846180696,1087065.5350200215,1458572.037863943,1303685.0497066828,1474425.521835905
2024-12-30,1542362.230853681,1395622.5232002505,1544854.6008299482,1067750.679155877,1163848.7959166977,1078992.9652459633,1453816.032752863,1298897.236390488,1466271.4010464656
2024-12-31,1527464.1836090644,1384284.175267609,1530587.5711959542,1062491.9109472877,1157684.5659577136,1081567.0370269597,1440305.1770328106,1290210.0124437637,1451074.9359277878
2025-01-02,1515085.535907039,1372674.219312045,1516027.4974414394,1060625.6209800649,1154626.2110657797,1077008.6693378314,1427119.5444109128,1278837.6704180285,1438473.0306263932
2025-01-03,1524691.5566407766,1379312.611919644,1526251.833604233,1056883.7694973282,1150888.2297091554,1080192.1225885104,1436186.7092003492,1283107.9325575354,1452928.1606224591
2025-01-06,1580500.6536722318,1422310.3914117273,1580358.9720375836,1074344.5291505551,1172642.2156771405,1096390.6467270325,1484287.3227900567,1318921.6863351066,1498517.4428666346
2025-01-07,1584104.632886161,1427360.9625456715,1589389.1331604037,1071159.4419237396,1176453.3199557753,1094065.9944389171,1493485.7342555427,1324722.0664852522,1515196.465118678
2025-01-08,1559150.723873101,1409384.189934339,1564908.4069301663,1067888.8712055627,1168608.374825162,1090552.2183635756,1472194.9791313708,1311058.8685747103,1492587.214333173
2025-01-09,1546169.2739954337,1392088.6065080522,1547873.9381288171,1052056.254449573,1146701.788217628,1065924.1050662734,1456501.5151981425,1292788.2508990965,1475537.5245198233
2025-01-10,1545112.2714751288,1387635.1489609813,1545024.5270462078,1046112.5792658252,1135015.5605713702,1055325.40162976,1452881.92262955,1288908.312707681,1475166.8569585173
2025-01-13,1514949.8096791394,1361953.7419819185,1509734.9953179571,1033872.811118985,1112675.9489436909,1034915.2374751274,1420217.8530113318,1259585.1167115646,1441067.4773318178
2025-01-14,1536895.441619503,1383076.1198104124,1532057.0388400117,1051665.0589889768,1135399.9400456315,1050207.853560693,1439919.3266430283,1276903.007015001,1449963.0463557283
2025-01-15,1512278.8079188596,1366450.4702049615,1507968.1510393517,1047947.6852233738,1127333.7897448083,1032660.7892793114,1417724.337747533,1261054.8482818033,1438843.698187699
2025-01-16,1555161.2307112303,1397979.9110322583,1548240.9224102204,1058160.5084388526,1142916.926899024,1044417.3815529236,1455151.2957258187,1289649.90632991,1468124.6257411372
2025-01-17,1568334.1311964514,1408279.6251175946,1561965.0893275542,1059973.05110265,1148353.814165912,1045943.124842843,1465685.817715969,1296538.117573056,1455152.0528784366
2025-01-20,1573848.1239650734,1412319.1464936554,1567620.0381964615,1063849.0095611657,1150172.843988299,1047414.3278824894,1469946.9207691187,1303188.8306964403,1469977.8504358088
2025-01-21,1574521.515002478,1414546.4358276988,1569704.3197185246,1067390.5005057172,1151880.6142598365,1046622.5255520276,1472685.230550646,1305047.792257517,1472942.9647025396
2025-01-22,1585301.941727518,1425956.4434455305,1584554.7095318274,1069102.966798518,1158207.1912415654,1046924.1117433188,1486799.0374345588,1317672.6059429226,1492216.5467718667
2025-02-03,1512894.2352499554,1371630.1660603592,1513414.4955387113,1055393.1040667978,1123158.396089037,1022879.5459252568,1421712.413667101,1271144.6348233942,1428465.5720304237
2025-02-04,1530494.4216451584,1376878.209512815,1527352.427725606,1048512.9057550322,1112997.2620751108,1019758.2210959352,1433941.4712739375,1276703.6880033913,1436990.4734930277
2025-02-05,1550801.6302653,1397317.7025471118,1550012.6872727612,1062189.4945935744,1129437.9208510818,1038737.3748043628,1456221.4833223752,1297294.260826758,1458858.5022677795
2025-02-06,1557364.3818477876,1405621.8261630463,1557854.8399969067,1070153.4140265733,1142854.7240320414,1044893.648976446,1464162.3651233818,1305976.9995487428,1465159.3983625474
2025-02-07,1566864.847733496,1412038.9452229484,1569755.191162487,1070561.921777631,1143774.2533048838,1052837.0500908827,1473822.543321853,1315032.230715585,1471831.07513048
2025-02-10,1548327.5705042568,1398974.5360374022,1550329.0877196332,1067438.481857967,1136648.060480825,1046117.1102157832,1456281.4588385313,1302366.6124246195,1455152.0528784366
2025-02-11,1554421.9177777115,1407546.5899143068,1561961.9731951768,1072293.8272844085,1145203.3689661303,1056455.3655813462,1465554.4088898755,1309754.9809241204,1464047.5087904881
2025-02-12,1545879.6807618646,1403811.9114444414,1553784.3251291877,1074293.2590165818,1148890.2370263543,1049081.331215497,1457544.930215309,1304473.1365121908,1461823.6165345106
2025-02-13,1546157.6565924964,1411468.9605334462,1557075.1234704952,1088426.8725016646,1164474.1433486163,1045466.4678961468,1458847.0560688684,1310615.2689083675,1455522.7204397428
2025-02-14,1519084.3658846903,1395485.740454749,1533449.5741442232,1089059.7756438856,1160693.0098898793,1042450.089688155,1435950.074977531,1296791.8062601704,1438102.363065087
2025-02-17,1547986.1633298306,1419484.9297319092,1562746.0921304903,1100028.3303071714,1171090.7656120425,1055407.6980005444,1462423.8651534866,1316547.9084904755,1459970.391839839
2025-02-18,1563077.6851036244,1427928.041259413,1576416.7156607765,1103345.6746538405,1171426.7264624164,1063649.5489136348,1473947.056943576,1325553.2552065528,1465159.3983625474
2025-02-19,1555473.8246373304,1423844.3629458204,1569774.4993924014,1105953.0196779775,1170005.5174534963,1054522.6576075898,1466360.09488763,1322078.9563647802,1462564.9516571227
2025-02-20,1546317.9125063326,1415710.3054776238,1557552.354996771,1105416.913944399,1167036.0258461747,1050870.987197835,1456227.9480099918,1315547.0469991383,1457005.2775731082
2025-02-21,1564362.206950784,1431768.9533696536,1575746.2658079532,1116569.260456785,1177601.976985351,1064826.7181723583,1472657.6868141678,1329145.810827442,1467383.2906185251
2025-02-24,1544546.515382323,1420588.582223165,1560162.7211214036,1114316.41022332,1176914.6638373055,1059049.9620024115,1458053.1580032248,1319907.4512163438,1454410.7177558246
2025-02-25,1524980.6300432277,1405941.3010410916,1537769.508119847,1107927.8256524494,1167541.355837807,1041810.5468876314,1439033.7590446009,1304247.4531307688,1435507.8032478034
2025-02-26,1533852.626141888,1413242.2857937051,1546817.393271535,1114782.5509591135,1174929.5896549802,1053565.8522361617,1448014.434474727,1310791.1772347495,1443291.3695877956
2025-02-27,1508422.2930498405,1390503.350507459,1519013.1745820176,1102756.349669525,1159388.8463324984,1041246.282233427,1423202.1087216905,1291222.68867344,1426983.014897058
2025-03-03,1486902.162713761,1373990.7721508318,1496381.5991694042,1100269.444548511,1148672.1361021907,1042823.8394872048,1403947.711201959,1274591.4753381012,1393995.637954277
2025-03-04,1466923.2534377438,1358801.3726828694,1479908.6095968925,1089667.3201666165,1137253.0842596935,1041600.1568365996,1387582.0982580716,1265665.1123357357,1384729.5144809196
2025-03-05,1490380.011833544,1378831.4587736377,1505389.9475269222,1100044.426817657,1154499.8684903926,1051653.1973530487,1407156.6589337413,1281069.1244239633,1402891.0938663285
2025-03-06,1476128.0277134718,1368716.4404293303,1491475.0057431955,1099263.1411495772,1152786.1126909952,1055091.8220346137,1396404.5302639827,1272305.1046780348,1394366.3055155831
2025-03-07,1472170.404886821,1362211.7181201852,1486363.3516520786,1095162.0072828156,1143078.2124205076,1046070.300794219,1389536.3670603116,1264499.500882003,1381393.7326528823
2025-03-10,1464854.6567043075,1357199.4744480592,1477434.2409593705,1097582.6678825594,1143599.8325883157,1043620.8426010516,1381850.0568882762,1257950.7445746558,1373239.4987515844
2025-03-11,1434040.9576656898,1333285.4677727723,1447837.414086104,1088262.7267580477,1129280.7647665748,1030812.0111877804,1355341.8641410498,1236215.2360896498,1349147.577720855
2025-03-12,1452844.1435282317,1347664.4003026062,1464812.781632911,1092449.2797158274,1139826.3523071324,1033673.0012066796,1371814.3995781166,1247824.5292565194,1355077.9193661755
2025-03-13,1424763.3541205658,1326838.7672750123,1439917.201551267,1083645.2769886649,1127250.4808468074,1032153.892526524,1349957.5835401253,1230087.1063463194,1342476.014064781
2025-03-14,1421491.3524570789,1327684.5101858373,1438803.8860006542,1090369.465010113,1131092.9105160916,1028178.8157573908,1346862.8499946138,1230443.9552024505,1338028.229552826
2025-03-17,1432375.1695554862,1338954.921988577,1450991.7455344498,1092282.18848409,1137054.2984189382,1028135.9910222474,1358945.2538120134,1238878.037440687,1349518.245282161
2025-03-18,1444336.942447166,1350558.4267794152,1464954.2531116828,1098316.213791293,1145290.190866263,1045132.3319573674,1370622.758754729,1247449.8488971544,1355077.9193661755
2025-03-19,1421688.521420721,1330632.3577967812,1440764.4503904097,1088076.047540027,1128588.0183557798,1030134.1457655712,1349134.009270818,1230039.5192057872,1338398.8971141318
2025-03-20,1458855.399554051,1358315.6099614606,1475033.71283133,1099810.792494738,1141138.6661475224,1038658.943421115,1379492.848275665,1253364.0006016763,1367309.1571062638
2025-03-21,1443080.167311471,1345448.331304882,1460561.2768143218,1093300.3228047537,1133672.0452903986,1040615.649480492,1366940.7285106103,1243945.2474394564,1356189.8089382348
2025-03-24,1439706.0115013327,1339918.6728980143,1454524.2516155003,1086402.773308936,1125080.998668455,1026675.1709772676,1362722.9217325526,1238206.4570826895,1354707.2518048694
2025-03-25,1456473.6923276875,1351547.3081058636,1472196.335536247,1086868.3762373847,1124971.756702261,1031661.3034841015,1378181.318158958,1247534.9587714858,1368791.7142396292
2025-03-26,1449309.2107123805,1349508.118804023,1466528.31134714,1091253.5919399522,1131570.7102614455,1033866.9984233336,1373943.982836072,1246812.4000054698,1367679.82466757
2025-03-27,1425841.3769744795,1331429.9799529244,1440978.2991530693,1087298.531692471,1121795.8159388977,1023269.6109243596,1352246.7057864866,1229531.4854572057,1341734.6789421688
2025-03-28,1410627.7670928603,1312516.4303221302,1423156.7749632113,1068609.210938444,1095116.0098834678,1005813.8608581768,1335197.63776367,1209991.1115973142,1328391.4385181624
2025-03-31,1356180.0939766,1262134.9991951827,1363587.2057565225,1037843.8611563204,1055124.052854149,968974.2306618604,1281932.301279002,1159190.0340494197,1280578.2640180092
2025-04-01,1396789.4700284307,1298247.593122169,1406150.0231131169,1059135.8894057565,1078688.0277453216,988234.8828510352,1319378.805758712,1191915.3277085698,1306894.0773047165
2025-04-02,1395331.9974195878,1298534.4188107438,1405071.887953313,1065613.990074695,1082353.970643132,994056.897909808,1318375.228805436,1192926.3630023657,1304670.1850487387
2025-04-07,1259154.599568168,1173206.9205858086,1270013.8488239427,969472.4005845416,982593.5290547856,911019.0416740334,1190655.2618092136,1077215.6599980856,1174203.1212991213
2025-04-08,1221636.4668762009,1137530.3926667245,1226683.616410089,959201.7449348328,958397.2651059777,895667.177707958,1151163.3636603884,1033953.0418848884,1136026.737833632
2025-04-09,1165680.1925134908,1076553.2632037085,1166313.7549100989,903384.8336805776,894481.557325938,852984.0320089732,1093341.626810117,974123.0975399635,1083765.7788215238
2025-04-10,1275245.1459885205,1174115.7537771636,1271462.728741303,972908.1973771496,970441.9646788551,909694.552210259,1192683.006115909,1064203.2572577228,1191994.1462350832
2025-04-11,1310871.9104211065,1209356.0371290771,1317669.426868519,991242.8816972128,998667.0070261632,936099.2316973282,1229484.082049324,1093818.3210491051,1219792.5166551557
2025-04-14,1292824.0711406618,1205148.6933601408,1307526.7243242525,999410.3752427814,1006949.8346377208,942136.5086238508,1219098.4248510276,1092940.0921658988,1213491.5074485291
2025-04-15,1306713.1036234528,1219542.984485527,1323187.656370404,1006703.3098151708,1018601.722021794,946728.3440581608,1232514.8948437397,1112240.233012895,1225722.8583004763
2025-04-16,1281876.518751481,1196380.6262859595,1297636.3379894297,995270.1930217062,1001298.6211148784,938920.4585595214,1208810.545042554,1090414.5824501908,1203484.1619644181
2025-04-17,1270667.3299388534,1184603.244270062,1284688.0746889736,985879.8904082688,991618.9695959396,933974.4117957518,1196562.1893591809,1083174.1169713794,1190140.9215404114
2025-04-18,1273932.828201336,1189409.263779128,1289678.3618694397,989557.7272565776,994589.6221502608,934707.6159057308,1201162.4524928846,1086327.44875494,1192735.3682458363
2025-04-21,1254683.361510102,1172457.192493746,1269902.7342080444,986203.8831663544,982744.7216980729,919278.892250854,1183624.467780846,1070149.8994926773,1175685.7915443457
2025-04-22,1232334.2549313458,1150459.780256942,1244842.2261953852,973185.1212908227,965764.036246722,907747.33436977,1158717.3275372544,1052631.4868246522,1156041.5419137124
2025-04-23,1297946.4234592004,1201700.4118997636,1309179.0500628655,989509.1079668244,991413.710100125,936301.2110633496,1214586.3260704034,1100000.2734893134,1207190.611353761
2025-04-24,1282009.357741624,1183865.5841683447,1289389.4892380442,973489.4463000252,980102.5627703462,927195.94724913,1197557.1132827532,1091020.0877900696,1200148.2670245224
2025-04-25,1312007.3254594083,1208852.8755260138,1319285.158636754,982397.176604784,993033.216088282,938517.090459344,1224755.8832352092,1113083.7834511616,1228687.9725672072
2025-04-28,1321268.6175098584,1218056.5617195852,1329124.4770290956,988898.0090399778,1002513.6669784324,943016.2380386144,1234610.1100536624,1122139.5615966306,1239065.985612624
2025-04-29,1331182.09933786,1227768.8748405378,1338981.177525838,996135.5270249634,1009371.562968529,956962.8147917318,1243998.632105354,1133242.0243678978,1243884.4376858852
2025-04-30,1335600.1329554054,1230113.142908744,1340228.0968326991,998517.0665404678,1005935.4787196112,950456.9009009628,1247657.6506818216,1133376.3623186424,1249814.7793312059
2025-05-02,1379345.3780624345,1261926.7644126697,1381858.7192147458,1006539.0817414168,1024464.9837011816,970913.857458518,1283826.654501305,1164328.4606653994,1286137.9381020237
2025-05-05,1363725.1821856897,1250007.3385100346,1368608.926349827,997848.9260997948,1016529.6275353924,967344.9641215669,1268315.4511018195,1150065.3365969723,1274647.9223726885
2025-05-06,1352306.4909424966,1247741.4470825037,1362662.508171294,1009953.6077289176,1028247.7618297148,988265.0283243924,1261768.209064483,1149482.8043594195,1267605.6911553086
2025-05-07,1358505.643804718,1251297.1868667435,1367271.6194066035,1008584.5394517962,1028461.6115960344,982532.6561940074,1266095.8133678625,1150821.4798506747,1262787.3521939064
2025-05-08,1350264.5768988505,1245902.7411566274,1359111.8522331517,1005676.6121487007,1027457.1249295784,988260.5254155037,1260038.191797392,1150648.415813152,1279466.3744459497
2025-05-09,1383293.406204236,1271234.386356827,1392602.6115116184,1013449.4009997012,1036593.13191649,1003029.548158968,1288564.7720244734,1171464.1250393142,1295404.0615753813
2025-05-12,1398007.5512842815,1284714.5795775936,1405574.3661757398,1027769.8554629514,1055659.058088848,1010847.7460618524,1300892.8403493336,1183478.401181474,1309859.1915714473
2025-05-13,1410276.9349674124,1296184.0667363876,1421418.920952606,1033170.5206057846,1061396.4386099272,1011024.6202118644,1314953.9157188924,1194714.2173419574,1325796.9918127374
2025-05-14,1446244.444003988,1324094.0299486134,1457366.902295413,1043590.8032923418,1076232.7419145785,1031870.1064704738,1345686.3474657512,1220071.8182937002,1355819.1413769287
2025-05-15,1443842.4214175683,1321268.41529582,1453457.9930011572,1043506.862493828,1074184.0537296822,1041468.368726348,1342213.4645302703,1217124.5880567215,1352854.0271101978
2025-05-16,1448558.3118028229,1326309.623254982,1456716.4514777877,1046998.0701790444,1080126.4173184105,1043252.666396812,1347908.5529050017,1223478.401181474,1356560.476499541
2025-05-19,1428781.4808004308,1306271.6876137329,1435774.160029382,1038230.263980475,1063098.1540172852,1031511.5974579124,1326830.3406581702,1205562.8820303848,1337657.5619915198
2025-05-20,1425814.7065044877,1306373.5217303452,1432735.1378247691,1040165.08645719,1067692.7966592056,1032228.7957121532,1325427.164864679,1205686.0616171423,1340252.1218088034
2025-05-21,1445089.6039757128,1323041.4672803318,1448566.044799755,1049605.8045209,1081372.2880679246,1049568.1142296777,1342447.7539702414,1221250.3384430252,1361008.261011496
2025-05-22,1432900.5079513956,1312235.3091984654,1435016.7133192252,1039057.6736432376,1070851.3457242951,1037884.7613749777,1332771.5470821783,1213803.771417632,1346182.463454124
2025-05-23,1432540.483309693,1309543.0276625452,1433982.103703405,1033748.2874758656,1069654.815728489,1025009.9999305084,1330697.5616986929,1212755.2133900367,1340622.7893701096
2025-05-26,1424109.4630486905,1302238.0838693238,1425688.0597839658,1030660.201505054,1062782.778689463,1028632.541573612,1321942.8729199634,1206276.4703469211,1339140.1191248852
2025-05-27,1407037.4397675402,1288524.3684292564,1411015.794509446,1018615.4634610232,1053148.5635228038,1016361.1258877384,1308266.2275150393,1195072.5977382434,1327279.5489461028
2025-05-28,1412793.110231729,1291736.957719939,1415197.8795199108,1021862.063121984,1053570.54296287,1026072.379248843,1311292.467878302,1196258.9943797945,1329503.4412020806
2025-05-29,1409371.002678166,1288500.7913994668,1411402.9803649809,1019960.5819497928,1051129.681867588,1023370.3146787956,1309196.2421476252,1195675.3681849882,1332468.5554688114
2025-06-02,1381410.385012193,1266881.167280215,1385508.9731913535,1007163.7124907342,1026576.0423209982,1012047.2643360662,1288040.3349655108,1176374.680359365,1303928.8499261267
2025-06-03,1388111.9881787142,1274694.444576929,1391733.3370436982,1010531.5638973452,1036485.429765106,1017325.697124818,1296604.909147013,1183332.2484923904,1313194.973399484
2025-06-04,1430352.3704826843,1305918.1300040274,1431955.5033367071,1021924.297471873,1052455.9873577305,1026323.729118324,1332289.365163165,1210842.4291320816,1343958.5711981463
2025-06-05,1433318.8163908496,1308816.2769826388,1435330.690812435,1020631.6833024252,1056073.9327625397,1024312.0095249204,1335301.576794824,1213998.058225875,1346553.0179035712
2025-06-06,1431798.50719664,1309500.1585193735,1434399.3753432604,1022159.5461729215,1057732.514444059,1020275.3208345374,1334055.793296189,1213226.8183620726,1348776.9101595487
2025-06-09,1444126.4604872167,1318877.6190641932,1445351.8349433949,1029050.4640359896,1061835.283789252,1027121.2571828008,1345031.4976827423,1220487.4126543505,1361749.4830222493
2025-06-10,1484842.6031376238,1348402.182329012,1485942.5308893376,1034053.1613690231,1068033.0389680143,1042433.8329671792,1379644.989863932,1245795.8949254055,1398443.3093543733
2025-06-11,1505226.8800171467,1362151.5421606577,1502518.8499930375,1038592.0925832326,1075360.2636142548,1049076.1333560632,1396342.9456219757,1258564.0170110352,1398443.3093543733
2025-06-12,1491881.413704971,1353158.972072377,1490265.1602254051,1038421.053298441,1075357.884686991,1049401.2192975287,1384249.0197783464,1248354.4421501728,1398443.3093543733
2025-06-13,1479209.346662947,1343859.7662021243,1476230.8116795132,1036363.6087825852,1074043.0576753914,1050793.7461074612,1372125.05960505,1236319.3808201945,1398443.3093543733
2025-06-16,1476863.675968471,1342370.2518369514,1473909.788873131,1038520.6084910244,1075064.0846192471,1049949.4167779374,1368817.6591891192,1235028.401865197,1398443.3093543733
2025-06-17,1494389.9142689346,1349636.4705654662,1488902.5863409406,1034546.5365181532,1067422.0907561048,1047099.733803766,1381463.89867348,1244084.726989293,1398443.3093543733
2025-06-18,1489450.004784556,1352858.45419192,1498061.4396948337,1024099.4216821,1050575.230814415,1040354.302927274,1387643.8640639116,1252214.1421323963,1410526.3705594265
2025-06-19,1465734.3031890048,1332459.3455266107,1474154.5387921494,1012838.6012512868,1038332.0087504,1027205.6905565548,1366675.9498494386,1232429.4876177714,1396590.084659702
2025-06-20,1480723.4436755967,1338222.2619994658,1486946.856037835,1006405.3274331836,1033567.6100164972,1024735.0126261816,1377236.7594053522,1234795.388970176,1394514.4820506186
2025-06-23,1447192.824660896,1320741.8120229552,1459951.875052761,1002057.2237850764,1035775.5647223116,1023761.6111793144,1352609.5638060486,1217223.7005838996,1382950.3780537657
2025-06-24,1481141.158794015,1347595.7653564124,1493255.7678985912,1013800.9216477362,1050873.1217970226,1027385.0060533116,1383517.5298322712,1242806.000355536,1408154.3017684135
2025-06-25,1504967.3592914662,1363702.607022517,1516430.3624900775,1018453.413241831,1063950.5178101198,1051141.2424047252,1402746.466259858,1256352.1448399404,1428613.8616773176
2025-06-26,1507977.8525854952,1367012.7135687654,1520468.4596590768,1021046.1780016128,1065589.683129729,1044074.2711781884,1405752.8730036244,1259809.7061357328,1430392.9981044715
2025-06-27,1515532.3670132868,1371736.3365543534,1523408.4106329128,1028554.940459664,1072648.6149846565,1044986.8233479578,1410677.6183845925,1264724.0903061714,1431875.555237837
2025-06-30,1493529.9936434207,1353061.860250595,1500055.9005767708,1020882.1806170684,1058360.900953004,1042149.0284688728,1389956.7404668457,1246573.2609498284,1433951.1578469204
2025-07-01,1515429.0071520172,1374598.8637382623,1526857.6208351816,1028226.7293494424,1070988.613253227,1044111.5432535995,1414544.8366322988,1263247.6855966852,1442253.5682832538
2025-07-02,1518682.4467298638,1379290.9885108236,1532586.8621395049,1034061.3024000362,1077874.6757623411,1050245.0628710445,1417832.069109223,1264593.0342271875,1442550.1475770422
2025-07-03,1527691.9102568035,1389472.0501724067,1541150.1757173392,1043052.6321429304,1095343.645830327,1057305.030896611,1427000.1478651415,1272167.375459804,1462416.6620102285
2025-07-04,1521325.3702169394,1381848.48812529,1535123.720253629,1035042.3906626937,1087154.5818590468,1054284.371285949,1419588.4088132393,1262899.2602114072,1448776.9554042923
2025-07-07,1513449.982875781,1375068.5823989736,1525893.7061264066,1032187.4302969944,1081396.143789329,1038698.6763872398,1413249.6586729996,1256246.359173515,1440177.9656741705
2025-07-08,1511130.3203320175,1370596.0565693057,1521780.531982276,1028083.9897103402,1076267.4823149038,1038018.1173800168,1410036.208736669,1252524.388409523,1433654.5785531318
2025-07-09,1523003.5787800092,1381234.89041721,1538499.652271855,1025628.1003390256,1076513.763477964,1048598.5894690503,1423029.172045154,1261751.5896566345,1448480.376110504
2025-07-10,1532553.531844367,1392744.730124116,1549609.9335675114,1032568.15515913,1091504.4370628612,1057702.2889865497,1435372.9896799529,1271062.806820823,1465085.3100950299
2025-07-11,1534791.014075096,1393393.7903893443,1551426.71007413,1033484.3394578889,1091544.9321926022,1057789.0946938845,1437110.0520201926,1274299.0605642083,1471312.11792228
2025-07-14,1528666.6815934766,1389313.9837375928,1544732.9762786687,1036826.4654510363,1091065.432820406,1044584.415957176,1430274.9882932098,1266678.3355440386,1462713.241304017
2025-07-15,1544381.557112733,1401996.7511676813,1559381.2109118158,1036754.917587046,1102300.690935068,1046849.884357559,1445389.4843017475,1279054.9303285973,1482579.7557372032
2025-07-16,1563002.1157601643,1414614.320154413,1576284.2259708825,1038798.3463376532,1105086.1489671122,1047186.727071164,1461643.4457500034,1290646.9389708596,1494440.4390278442
2025-07-17,1566364.3610950566,1420034.905973825,1579736.5826359915,1047300.0471440394,1113685.7392747437,1044910.9229002856,1462782.701306133,1294588.9045385553,1503335.8949398957
2025-07-18,1592797.5311969435,1436500.448922171,1603602.3285916229,1045089.3399200692,1119411.2331030732,1057554.6697191969,1483199.5086498498,1309703.455537475,1525574.5912759537
2025-07-21,1587630.3836759732,1433644.5063740814,1599672.53792738,1043824.908211528,1118927.5359430418,1053641.6663734096,1479049.6526772573,1307319.0663074842,1509266.2365852164
2025-07-22,1565773.1232928666,1416874.7890068237,1578003.153089048,1037014.7393357742,1109322.5298405348,1039232.2236622764,1459802.7003933033,1287567.4493019185,1498888.1104279405
2025-07-23,1585884.2108305043,1437559.2844771645,1599867.577958964,1057167.6580814235,1133517.143378048,1046799.4498943924,1478333.6922865978,1306092.9590176265,1503335.8949398957
2025-07-24,1585961.7040254995,1440173.9950103797,1604700.1261398438,1060630.8841055224,1142648.036186563,1048561.4990698544,1481408.5164738472,1309176.9339113077,1512231.3508519472
2025-07-25,1583482.8101949396,1439077.4000790012,1605384.7355346123,1060784.190971726,1143708.7724807686,1049089.7324740596,1480601.453057031,1308653.2565739995,1509266.2365852164
2025-07-28,1588229.032696474,1443618.401652688,1611016.1004434377,1067115.0719368977,1156770.177672533,1063209.9961111452,1482500.1188572247,1311375.350408183,1513713.9079853126
2025-07-29,1574955.0235877377,1428658.405965742,1593830.0458905527,1054092.1116306577,1146509.9159708673,1059586.4653095545,1467975.5277248358,1299531.2940146865,1495922.9961612097
2025-07-30,1597669.6192506412,1452065.0940546507,1619124.6872923677,1066798.5096179124,1161779.8819100214,1066158.042670039,1488971.9615409912,1314105.3207345924,1512231.3508519472
2025-07-31,1598718.3041613805,1457923.8190439334,1628488.8608532734,1067566.0659008834,1176630.1229068043,1077952.7590388528,1497144.1228109316,1318630.912497094,1528539.7055426845
2025-08-01,1580210.7165188473,1445903.6352162892,1610930.0325592668,1065366.5577139454,1183154.8253741458,1071769.0373264295,1484098.8171303624,1312573.9993709747,1515196.465118678
2025-08-04,1574186.467570878,1439099.369664054,1600041.099792777,1066177.6589471146,1178880.123339905,1069591.0183825283,1479273.1531256938,1309468.692310848,1506301.0092066268
2025-08-05,1593254.4719924524,1455308.6771708778,1618860.2460853832,1073035.2222271431,1194209.661887781,1082372.7726251644,1498793.9814835023,1325244.1028866798,1525574.5912759537
2025-08-06,1570548.0602686778,1441669.3413810774,1599370.7944833396,1074235.309673915,1195245.52873392,1081328.9457701084,1480245.826938023,1313300.9339660052,1512231.3508519472
2025-08-07,1620011.3949703889,1476687.6087662512,1650831.0741847616,1079691.3081889683,1203381.91139352,1097754.5282481555,1525856.310204409,1344465.8069985916,1555226.1863906977
2025-08-08,1618209.7322809417,1475298.2765888865,1648452.5076102328,1080343.4388803337,1207149.5455202586,1107744.421530614,1524360.0653845847,1345445.4457192083,1555226.1863906977
2025-08-11,1628502.0425956529,1484808.7931090803,1659975.4361560892,1088217.661475684,1226988.908466267,1127677.6367162792,1533210.4093406843,1351844.111091359,1567086.75656948
2025-08-12,1630721.6408175807,1488792.2513752093,1661819.1061651343,1096250.6865612883,1235399.653815505,1135086.7619619677,1534446.801419676,1353124.4786609963,1568569.4268147044
2025-08-13,1649161.8947359726,1502243.5424963431,1677949.6387723198,1101672.4691342118,1251311.5750752091,1147970.5132430736,1552282.8942533447,1364979.6934184798,1581912.5541268522
2025-08-14,1609534.312329047,1482865.9284456165,1661354.3892718095,1084783.9973641618,1221097.080447857,1148485.7064142488,1535240.2716871845,1357590.777940352,1575982.3255933905
2025-08-15,1613869.1140078804,1487978.975041092,1668147.162487361,1091599.970149064,1230995.6517564736,1144769.227534222,1541184.539268733,1362989.128799792,1575982.3255933905
2025-08-18,1616819.8986672636,1494694.288040877,1678273.021072548,1099562.5955589998,1246650.7568509262,1158249.4568305046,1547360.7546755758,1371280.8871993327,1580429.9969934868
2025-08-19,1616496.3783848516,1487026.567206866,1671424.999134118,1090129.568843321,1226144.7569086156,1137604.843534005,1541973.89679817,1364054.4243733676,1577464.882726756
2025-08-20,1565807.1264102366,1444644.4182043006,1615713.0466189648,1075898.0941479988,1196175.5621495177,1098372.2530890135,1491109.8252146086,1323275.308017339,1532987.4900546398
2025-08-21,1583134.1281523951,1465072.5591943627,1635222.9181473316,1091104.8430301135,1218948.9419818544,1106024.5232717353,1510652.4538825238,1342133.5995295984,1541882.9459666912
2025-08-22,1565947.58011687,1452285.0064133732,1617579.9140545889,1081078.808490302,1210701.3126391282,1096250.9174392903,1496189.6340391329,1331062.53333151,1534470.0471880052
2025-08-25,1730256.6313439417,1536991.1319208357,1657057.3204220713,1229031.4870903315,1433677.0027238326,1111088.3218151769,1532313.0042970278,1359790.9447688332,1562639.0851693838
2025-08-26,1731583.0153641424,1536133.627829395,1659097.0607170055,1224316.633823326,1431484.8499334971,1108610.0902169126,1533285.2480765986,1361343.488903171,1564121.6423027492
2025-08-27,1745663.2049290645,1547011.6322529623,1672569.7509076134,1224111.5073129728,1438871.5222624934,1105668.8948202478,1546769.108280283,1373374.611987037,1571534.5410814355
2025-08-28,1715172.6547445897,1524349.4540607454,1642874.0643638251,1218031.8412613322,1428290.3188420828,1102756.6297021154,1520890.7508511737,1357498.3385524212,1556708.7435240634
2025-08-29,1715354.832118549,1519770.8196825343,1639979.6166891276,1212547.025843984,1423595.8513729144,1107576.7027812789,1517015.6707287785,1357310.724883425,1556708.7435240634
2025-09-01,1718415.497974267,1516571.5029325911,1637825.2591956086,1210253.692717513,1407872.1802350436,1082169.270230878,1514482.7556051358,1348272.340658289,1541882.9459666912
2025-09-02,1716323.1536279991,1514500.2987457556,1633555.65385331,1211223.690678507,1404046.1594413524,1090475.50164087,1513000.576728628,1345194.4919252282,1541882.9459666912
2025-09-03,1717318.7563310172,1515946.767085594,1636289.746725391,1210137.495531562,1405849.7498415636,1092827.3721468872,1514816.8836458852,1349872.5813288845,1540400.3888333258
2025-09-04,1721019.510262916,1521538.4566440526,1638965.8977530692,1218435.546051263,1416567.4781750585,1098085.04766207,1519094.486423197,1354328.1598271548,1550778.4018787427
2025-09-05,1742198.3804850436,1540058.8291202902,1661268.116650834,1222541.1167017266,1427270.8700118614,1112710.716089578,1541903.1686294903,1371956.4058034432,1567086.75656948
2025-09-08,1750797.905517129,1542521.5518332468,1665346.4358751173,1221968.7621274164,1425706.03418961,1121331.8057386803,1543210.161124762,1374913.8098428803,1581912.5541268522
2025-09-09,1771349.870177152,1564299.6005926712,1690084.7016107272,1231027.6232809022,1445472.8979849422,1116200.56155427,1568780.9768391603,1392153.810389859,1598221.0219294487
2025-09-10,1802279.4588762824,1587029.2097214754,1716929.013209425,1235179.5431693103,1467966.148983141,1148191.427702308,1596915.524509275,1411052.3595290517,1629355.174177558
2025-09-11,1813829.0698470864,1591368.7147353522,1728295.7328835302,1232602.3979907604,1463433.903860049,1150330.4156294144,1606683.6327409924,1412347.386125887,1644180.97173493
2025-09-12,1836955.1096226,1610245.6115153448,1748342.914845489,1247274.9738745652,1479438.0681117976,1147686.5433339304,1626615.3697553617,1426850.1962285824,1660489.3264256674
2025-09-15,1831571.779378194,1605547.395834403,1741517.6416620428,1245142.1184142092,1474824.6209552912,1139438.0632388915,1620871.7654599496,1420270.0433480565,1660489.3264256674
2025-09-16,1861135.6882328184,1624490.5341905693,1767414.2868715702,1244300.504640326,1475286.368426453,1139208.718729224,1645380.1244871763,1435531.8409933131,1682728.0227617256
2025-09-17,1846594.8017180208,1613457.7778465569,1751749.2021503828,1244107.7383613538,1470842.0777281802,1135868.5105557032,1630213.5087638127,1424811.935073637,1670867.3394710845
2025-09-18,1869694.916842216,1631923.7957808257,1772007.75011495,1251245.618599126,1487142.5887425053,1145633.6219787889,1652955.297752527,1443357.5736028114,1688658.364407046
2025-09-19,1857095.205436414,1623391.1664312317,1754075.2207901122,1257334.9161608175,1505403.5893260932,1132772.0285593946,1636555.552917423,1432660.093806835,1690140.9215404114
2025-09-22,1887928.1606922648,1643234.6495072322,1778434.1170084788,1265776.489979814,1518451.5145794167,1124618.749948517,1660370.9134431486,1449588.207140806,1702001.6048310527
2025-09-23,1930275.0411393573,1666932.013198233,1813455.5509569512,1268532.0665501708,1520094.326351259,1127962.0053649382,1692637.382553095,1470131.1928236403,1733135.7570791624
2025-09-24,1928727.5127880643,1663404.6116714068,1808253.2010629848,1273305.4374332535,1518217.1235881855,1126926.0132432622,1689944.3624465645,1467294.889852179,1731653.1999457967
2025-09-25,1910196.343639996,1656379.9804190726,1799751.1232770828,1276364.7683847928,1528899.1145836331,1120725.8406969097,1677619.425222644,1457611.7272217588,1725722.8583004763
2025-09-26,1887368.2141751745,1634187.7666271382,1773535.8666163532,1263894.6462439464,1499662.276491756,1119122.544355499,1651942.2484995986,1432769.3801364712,1697553.8203190977
2025-09-30,1902678.022462932,1643732.7707778122,1780450.7918739575,1271548.6220509042,1507978.495471575,1150165.8204360926,1659567.443708246,1446224.1791901982,1713862.175009835
2025-10-01,1918536.4113205995,1651684.6962351864,1792964.7255794478,1270122.101944218,1510809.1794846903,1149932.8918035529,1672993.855655955,1455318.683422445,1722757.6309218865
2025-10-02,1954278.0631809533,1674174.331858292,1826653.068089372,1270204.502941948,1514954.0440709433,1156566.5581061635,1706033.4238538854,1477469.7862681018,1755374.4534152201
2025-10-03,1988106.976503438,1696675.4703115916,1859537.457401011,1270880.1961493248,1527436.0246804522,1175447.947333509,1737741.7594534175,1498903.3625511082,1780578.2640180092
2025-10-07,2031270.4637047504,1728992.1902036257,1895082.117688351,1288141.510411959,1553429.4938310958,1172621.5136281042,1772279.3844147378,1524157.9127295602,1829503.4412020806
2025-10-08,2015930.07021318,1723047.4305131915,1881940.7931838485,1293248.7038568447,1552907.557785129,1174923.9757055428,1758774.297637254,1515853.2456344268,1813195.0865113428
2025-10-09,2041244.427543186,1738719.3913595816,1899178.7991679949,1297658.2706502937,1555003.3169326952,1169531.469306939,1778532.9874882358,1529197.226818362,1826538.2138234908
2025-10-13,2007327.3223870357,1711714.769913891,1868841.105026561,1278460.333684232,1535582.1695623917,1163780.2617708372,1751796.8363273866,1507997.2104090033,1808747.3019993878
2025-10-14,2009419.7812416728,1706484.5167343405,1867334.771089267,1268580.2963820738,1515763.501320694,1163114.892467053,1749405.3104357095,1500700.7343188066,1799851.8460873363
2025-10-15,2051886.8699034457,1733195.9550174938,1901988.672301825,1270919.697482854,1533562.747170711,1184405.5531811668,1784363.625403715,1527729.2455797289,1832468.5554688114
2025-10-16,2081526.4746914867,1758498.7971592618,1932812.304002873,1291521.3147824588,1563333.6327711483,1188409.9462085254,1811223.4517780268,1548574.0540688373,1868050.4922288759
2025-10-17,2052306.7061464149,1743933.6772725815,1909189.948335169,1300773.8354705868,1562469.7966365828,1174987.1379502427,1785887.2389183042,1529222.3878351953,1839881.4542474973
2025-10-20,2086410.114974663,1767372.3969964553,1941821.416340501,1312628.9334692908,1586072.609780208,1190053.3030219164,1816111.425248339,1550857.142857143,1871015.606495607
2025-10-21,2086361.753204497,1767711.604788573,1939683.7032140205,1315993.9654512298,1592473.8842677807,1194866.226033125,1817030.7511367328,1554429.46026884,1873980.8338741965
2025-10-22,2072141.2905574269,1763012.4389742406,1927361.9629967124,1327673.899729071,1603132.3038830047,1190725.735328022,1805623.3149286304,1548632.361990455,1859155.0363168246
2025-10-23,2067013.612092892,1760784.2071065872,1921405.4192258045,1330554.3965519583,1604588.3424485284,1202494.1283375074,1797839.2913243836,1542098.702293208,1848776.9101595487
2025-10-27,2100989.353489143,1786391.5173700196,1954097.9963807624,1332727.9078535563,1624164.4476433562,1202504.2614233445,1831386.999816714,1567940.3793296777,1891771.7456982995
2025-10-28,2093977.3798205047,1778339.3635661283,1945513.7889375584,1330993.7825838705,1619068.4411687374,1201863.538163317,1825269.880554997,1565446.70377005,1878428.5052742928
2025-10-29,2127600.157269268,1797983.3177240652,1974379.992306789,1337421.8931463738,1626646.6905213837,1202721.230762265,1852338.9215852036,1584805.6995172915,1909562.7706342612
2025-10-30,2129334.7859511813,1797414.668722357,1977881.9534346324,1337839.5751384394,1620000.6601903827,1223078.9694015612,1850880.6634127689,1584401.8104992548,1909562.7706342612
2025-10-31,2129184.009317669,1789505.6283293774,1972197.774754241,1325960.9345329022,1604650.527858107,1232056.1801728515,1844236.1477386255,1581367.1730777118,1919940.783679678
2025-11-03,2139412.236040078,1793048.3343354482,1973494.5494435497,1327895.5202935603,1599523.7022083618,1229324.199786154,1848517.0955361824,1587037.700501853,1902149.8718555751
2025-11-04,2127825.055629067,1784743.969319919,1964009.6017161864,1319516.5940265828,1584583.063861935,1237215.064950994,1839593.2054803248,1574825.7462839638,1896219.5302102547
2025-11-05,2082518.5128401504,1760526.4819139189,1929755.042601398,1321500.4505616457,1581665.5803118318,1212172.4693682182,1805627.9520384,1552449.5070355127,1872498.276740831
2025-11-06,2088315.1441020784,1768002.994462459,1934024.5657562977,1325886.1602133506,1591955.0057979785,1225847.7576124596,1812445.1947307205,1562665.2080569952,1876945.9481409274
2025-11-07,2076014.6033773865,1757706.2351027234,1922353.2614703088,1319880.0312978702,1580914.8465349567,1203075.0460749883,1799351.2620158,1548772.3885189183,1854707.2518048694
2025-11-10,2092888.4185797311,1771750.990192978,1936671.8596666795,1326089.840414605,1595289.4145594405,1212468.307913259,1816597.2630506463,1560988.2809829204,1878428.5052742928
2025-11-11,2091850.3286172096,1771141.1774311946,1931313.690568001,1329550.4682788083,1609358.7698335636,1234715.198928766,1811706.9011870516,1556251.993053371,1865085.377962145
2025-11-12,2099246.9570374107,1782962.6529194256,1943512.950374764,1343223.4977422294,1629356.268370881,1227177.0582411662,1821250.878735158,1565333.588590026,1873980.8338741965
2025-11-13,2090379.0971538348,1780009.7602883652,1934758.1188170444,1352278.9461543146,1644619.9500901944,1214354.1451304166,1812083.1735675111,1562895.4860588822,1865085.377962145
2025-11-14,2052171.150246688,1752361.1117431938,1903216.1280454104,1340887.082087502,1615557.8801349087,1201807.603310641,1778201.9145017243,1534550.7254304038,1829503.4412020806
2025-11-17,2060198.923088527,1756436.4924271193,1910101.9296726212,1337043.1982026582,1606284.00492508,1208331.623775235,1784983.2518391795,1537340.6446143116,1835433.782847401
2025-11-18,2013591.9017606888,1717268.2036844697,1860723.2622803696,1320798.5817473396,1586870.9137359709,1173673.7964045056,1740801.512253217,1498626.5913659425,1792438.9473086505
2025-11-19,2000065.9724714537,1703514.855533902,1845418.1351839984,1309672.210889637,1567631.9252659015,1172483.6115013969,1728204.20223076,1488768.723762119,1780578.2640180092
2025-11-20,2071208.95134655,1756761.049920455,1908692.1678742648,1331634.660533334,1612155.0444690732,1191415.6416470464,1789662.7152732222,1536167.1566683531,1835433.782847401
2025-11-21,1996310.3497838608,1699632.1543998464,1837457.641233233,1311579.9145029876,1565682.6713542887,1168338.5235900178,1719749.593656069,1480637.1207045084,1774647.9223726885
2025-11-24,1997316.057296299,1707135.6694793354,1836463.0718874088,1326463.641246889,1576819.0109015508,1178359.9304472688,1719494.610510361,1484518.699831804,1765752.4664606373
2025-11-25,2026960.1354849148,1723028.717123752,1865302.8684486677,1310992.4870425686,1570580.5325012666,1184422.1879042182,1747335.6444276837,1507367.091030918,1789473.7199300607
2025-11-26,2064318.7411957488,1754255.1942265113,1905923.5341699484,1322575.295313773,1599447.1483711684,1211817.758365372,1781951.4254618825,1535225.0406815354,1819125.3150448047
2025-11-27,2070425.3995895777,1766655.9488746952,1917448.3147171717,1340001.1997266551,1622932.099572573,1220519.0524310682,1788558.8398554667,1543346.0323537858,1835433.782847401
2025-11-28,2073775.4805729825,1768987.6078638907,1923634.9175758152,1334433.20271942,1613696.2528267854,1225096.433537239,1790424.4959567972,1547376.0614803978,1848776.9101595487
2025-12-01,2045137.471615881,1757871.2189607571,1904574.327584457,1331554.5708395557,1620601.721069284,1212994.504406197,1773105.9595385706,1531471.782740089,1823573.09955676
2025-12-02,2071671.1035613476,1777014.811327382,1924604.8966719173,1341058.5596745787,1639618.3312220308,1221076.4292630842,1793232.092263227,1543891.588836166,1829503.4412020806
2025-12-03,2090336.33724667,1790339.9557740588,1943391.4994089017,1348610.9492250325,1654577.5957878046,1215006.0413166832,1810393.5511168973,1556705.1101478208,1847294.3530261833
2025-12-04,2088388.4634773356,1789695.2630265967,1938324.8023473092,1351083.1651001254,1654625.471846738,1209383.4311399355,1809078.404024502,1556854.7635001163,1844329.2387594525
2025-12-05,2105864.1021786635,1800301.7344696673,1954468.711142648,1355429.7883132026,1661568.255703837,1221223.8485558964,1822973.1382825256,1567226.7910131412,1860637.59345019
2025-12-08,2136800.5865555424,1819676.4296637876,1980449.657627604,1358444.8202284174,1659431.8591831257,1212643.7674046212,1849733.1313558845,1585311.9829342668,1888806.6314315686
2025-12-09,2122480.4464804246,1809961.7830925928,1966471.9781410985,1359606.397779717,1658914.2861279894,1206245.1184410793,1838555.8505994235,1578524.6345499048,1885841.4040529788
2025-12-10,2146861.0857630987,1822318.9630087612,1988202.5801519332,1354685.0983939427,1653387.1501459435,1223412.963027691,1856684.8957650643,1590742.2773455128,1899184.7575888443
2025-12-11,2115341.854579651,1797989.5762251697,1956896.941354576,1345731.2730203774,1637298.976413902,1229902.793525424,1827312.6245029375,1569683.381421871,1878428.5052742928
2025-12-12,2127594.1481089457,1808796.16518467,1968413.1683583532,1356160.4584997497,1642125.9604787314,1230681.7029688377,1838272.1149827903,1579388.3138016383,1881393.7326528823
2025-12-15,2099320.312981137,1793590.8799421326,1943903.2598158217,1353698.075359918,1633859.5328682642,1231487.7889245711,1814179.063139764,1560844.3162083442,1862120.1505835555
2025-12-16,2078080.6465012347,1775536.4422922756,1922569.1341160035,1344261.1264792494,1614822.219476839,1212349.3241008874,1794963.4699254562,1542345.1708624484,1845811.795892818
2025-12-17,2080993.45811785,1775560.2723891283,1917450.672326092,1347400.473337711,1616741.7698598928,1215137.2497480945,1794412.1248166363,1541701.5958101435,1835433.782847401
2025-12-18,2078584.779949412,1772781.3380343618,1914079.372662437,1348007.1434780366,1617446.9465929782,1218056.2497902145,1792704.6150415733,1538529.119774645,1835433.782847401
2025-12-19,2089311.9514111928,1786681.0004340562,1925297.5664228853,1366229.063501123,1649505.9869601696,1230854.8960104946,1803467.1336214088,1551289.4747637736,1853224.694671504
2025-12-22,2131491.1649803515,1812125.458043523,1954372.3015362136,1370242.2884202732,1666348.1227353774,1225785.463436696,1835633.1582996,1576678.5816844206,1879911.175519517
2025-12-23,2149873.043458124,1821084.8363017968,1969032.1504420184,1364442.1537997331,1660081.2169661217,1227005.7565087972,1850324.7115425968,1585686.7726893572,1888806.6314315686
2025-12-24,2152641.2709117136,1822541.2240000528,1971850.2134066157,1364368.245578303,1657114.751490516,1230680.753318902,1854412.5476581985,1589131.9722681837,1893254.302831665
2025-12-26,2168623.89906111,1831265.984893598,1983986.777475052,1366819.422254421,1660361.7547352114,1243748.5132153027,1864346.3149400223,1599440.1126775972,1909562.7706342612
2025-12-29,2192761.124018767,1848792.5672949653,2005649.1774789311,1370121.30785351,1671309.8890410322,1243817.793260781,1885560.2045591192,1613715.59846299,1934766.58123705
2025-12-30,2181684.910552146,1840063.1467170643,1994188.389943531,1365664.4934155657,1668476.098478902,1242211.817626725,1875361.8236566584,1607903.950553132,1931801.4669703192
2025-12-31,2209082.4142007288,1855409.151066812,2020040.183200479,1363817.5125584588,1670337.5784899346,1243260.1142783682,1897897.01663447,1622268.9220418711,1945144.594282467
2026-01-02,2246780.014619008,1877719.072122788,2051082.2711361577,1364013.3726400298,1669642.188966556,1237689.4027103917,1929770.547410005,1643900.8327749593,1985174.202442628
2026-01-05,2323143.2974559977,1925580.042970192,2118603.225549544,1366478.6614942758,1678236.508271587,1246153.589577929,1996893.173364646,1686201.6436707736,2060785.8604747124
2026-01-06,2362185.659693088,1951499.4939263468,2149581.926119253,1379475.2078696005,1704126.727774876,1265008.7157836924,2030397.8521526428,1712597.3006604766,2087472.3413227256
2026-01-07,2347872.778687125,1949036.4877421611,2139439.2145332224,1398029.6395600562,1720522.4791328989,1264403.2245073542,2014014.572081812,1704709.3218832477,2071163.8735201294
2026-01-08,2347908.9598776554,1945240.7669433064,2138453.8585029654,1392115.2372029976,1706728.6932816708,1275148.251563388,2013125.0733829287,1700513.0112540852,2078576.7722988152
2026-01-09,2342628.4620842068,1937811.733520605,2127222.1035317183,1385974.770179291,1693258.892281731,1237507.731246775,2003907.8446553247,1696503.2203366654,2071163.8735201294
2026-01-12,2355677.284243457,1952067.9495711336,2140094.0326428674,1390111.564430433,1708346.8007153275,1226491.1736419674,2018839.513749675,1712092.5487836562,2085989.6710775013
2026-01-13,2370366.36310724,1957707.5265827265,2152793.403620901,1386175.9749534682,1699864.5826208582,1212821.2398701045,2029517.4127437945,1719930.205527219,2096367.6841229182
2026-01-14,2377729.3524546367,1967219.1655823083,2163469.524582128,1397891.3209134925,1720092.594027022,1225153.6335908645,2037883.970282536,1733067.9757688467,2097850.354368143
2026-01-15,2368229.276250972,1965439.1720465568,2154492.685602872,1410627.1951166764,1737600.9651567414,1229814.6918742124,2026630.079615128,1725719.4273133778,2094885.2401014117
2026-01-16,2421728.9588896213,2000087.8491964424,2194412.114416344,1423285.1390901925,1765580.5230032196,1218894.482308712,2073906.7840091607,1759220.44606107,2134914.848261573
2026-01-19,2444561.161315752,2014195.221581644,2203550.095395423,1436079.084518804,1781663.5749973827,1198928.482306074,2089466.172063785,1772135.9241887624,2152705.7600856754
2026-01-20,2457013.5102442293,2013170.3595794,2204058.9563354887,1427286.097043885,1763185.3851969785,1196958.8849026356,2095479.4227844216,1778896.4706204103,2152705.7600856754
2026-01-21,2419516.856335297,1984856.4327945325,2167945.368299913,1410729.1496719664,1743936.8000906806,1180300.3384385216,2061629.682883538,1750128.2391390556,2130467.0637496174
2026-01-22,2448825.1480034213,2013177.869715169,2197608.883904417,1424612.5209762878,1782917.2314819235,1194307.645376457,2094038.043432974,1778117.3542643825,2128984.6197281107
2026-01-23,2457594.440647341,2027949.8393502969,2217273.238640476,1421007.4037856972,1786002.167553062,1194171.9725173998,2109724.7542594853,1790183.702771814,2142327.7470402583
2026-01-26,2462692.1944685206,2046336.760454116,2229858.186778451,1442735.4248116987,1808480.5735361984,1202955.1547676595,2114011.941940546,1795953.342723133,2142327.7470402583
2026-01-27,2492711.1246298044,2061389.9837492583,2246077.0722296443,1450807.752144477,1810812.8291107365,1191418.2625701027,2133672.532963281,1810146.4535273283,2166049.113621541
2026-01-28,2534070.800402239,2088356.0678481755,2277606.759103059,1456205.8362112178,1822127.8265236437,1194052.8659124968,2169512.008496857,1837362.03147862,2200148.2670245226
2026-01-29,2508713.919582783,2072519.1251396632,2261170.4001244456,1443061.126623478,1807510.176661536,1192882.8770059384,2151416.4358204217,1822376.3486441767,2186805.1397123747
2026-01-30,2460182.197607545,2043905.565413541,2226901.078430775,1428306.5533310252,1788608.834179313,1177171.1167765125,2119271.522040846,1795910.2408073405,2152705.7600856754
2026-02-02,2435220.964992953,2013371.4338020675,2203409.177646221,1399997.486426312,1745549.1666461364,1176096.269582805,2092728.0821698147,1771281.2153865087,2120089.0507042003
2026-02-03,2435220.964992953,2013371.4338020675,2203409.177646221,1399997.486426312,1745549.1666461364,1176096.269582805,2092728.0821698147,1803281.762365136,2163083.7731310925
2026-02-04,2470198.693549323,2048428.5523587551,2243166.0234943414,1422430.0237239196,1787239.44018155,1194032.678504808,2127316.165321853,1808572.030247918,2161601.329109586
2026-02-05,2443204.7874210025,2027549.1535042808,2218573.110445562,1418513.3720633802,1766356.019001905,1181182.645665494,2099156.909408641,1781208.549275937,2134914.848261573
2026-02-06,2461467.4111930444,2032312.439439108,2229748.073610566,1415026.1662655224,1759769.3155583658,1196775.4954071348,2109024.4996461696,1780180.7764361608,2131949.7339948416
2026-02-09,2509752.0660887845,2071595.9839512615,2276646.109437171,1431167.0369672962,1790324.3296016215,1216682.6440918506,2153445.857317702,1815002.529776149,2192735.3682458363
2026-02-10,2571785.8334636576,2108581.680643725,2328207.3512186,1432284.294622348,1794335.31493639,1237506.7323494966,2206605.7209884524,1852437.2000164092,2238695.4311631764
2026-02-11,2612206.627554983,2142466.214536397,2366867.248212564,1452746.3636959067,1833927.076285016,1255296.304576572,2247546.539657561,1882276.4156490583,2289103.0523687545
2026-02-23,2619119.4475811217,2153992.3882620926,2362153.5760657163,1481697.1286789635,1883011.275487844,1262766.8538925706,2249038.697045681,1891661.0373449656,2295033.5071259337
2026-02-24,2699771.4282431384,2206129.120244678,2423975.594335918,1501206.7876113923,1923811.0179387245,1265535.4658886434,2315138.070193596,1943614.1612766483,2354336.697355422
2026-02-25,2752200.202615709,2253059.598937345,2486173.0077564637,1517612.4763435505,1966354.4078976987,1290305.079840505,2368277.087142702,1983507.7192358708,2404744.318561
2026-02-26,2738587.978143205,2247372.6764616477,2466582.192150425,1516730.299875571,1969616.5373387372,1269584.275191429,2357470.422723634,1983587.140532484,2406226.9888062244
2026-03-02,2703233.768403497,2227562.796158436,2447523.491152075,1503780.6566633226,1943792.185486059,1289517.0690941818,2334045.6647963678,1965697.43877258,2382505.622224942
2026-03-03,2655427.821049928,2187925.2424329747,2399862.1456858125,1479355.4690467364,1904584.840212038,1283693.652727482,2283558.053755861,1922488.5339605357,2335063.1152860946
2026-03-04,2546259.8641482526,2097938.1004226133,2302746.224460524,1419890.8396662446,1813113.1098188665,1227175.2238073624,2187267.0912716715,1838765.5786350148,2241660.5454299073
2026-03-05,2603168.2632438,2140679.418073489,2352675.948904579,1445769.3190502848,1856844.3933942367,1274549.9665786312,2239040.542624919,1886042.0353074705,2295033.5071259337
2026-03-06,2594279.960573025,2141241.249015947,2347392.1134874555,1445789.8690069383,1857295.2369961096,1280723.1961173136,2229433.6538653616,1881930.7251569144,2278725.0393233374
2026-03-09,2493636.038443689,2064672.8289815504,2254548.586050226,1401102.9319252688,1777400.3071565302,1233569.4672929852,2136301.200805245,1798524.2516648662,2182357.355200419
2026-03-10,2539243.527983172,2093010.6832112465,2290325.612715572,1409731.3966785716,1806136.830050112,1247517.7061989664,2177785.1705189715,1835572.536203148,2229799.8621392664
2026-03-11,2633157.2260087887,2162098.568336175,2379140.57112782,1435017.981523126,1860100.915471495,1278953.4657534729,2268987.9599054856,1910756.7175812605,2318754.647483499
2026-03-12,2573885.321093732,2128801.0176766487,2333508.630173407,1418396.7996533671,1835067.092100927,1270919.4754036472,2223028.1504563126,1880940.4750509372,2271312.140544652
2026-03-13,2555700.711880649,2115311.7830713154,2317540.9735007454,1417090.1147179354,1845740.382699204,1252730.0422703996,2206625.665848987,1870772.3611699876,2252038.5584753244
2026-03-16,2544474.528183032,2114999.4639483304,2311029.4727665503,1436396.2536500718,1871204.2142013789,1254232.3716488248,2197793.191621473,1867534.4664907216,2241660.5454299073
2026-03-17,2582188.605204646,2139430.407124529,2333231.438885798,1444939.816693741,1879529.2376456717,1267271.480390198,2229676.975643609,1895206.990386851,2272794.8107898757
2026-03-18,2619157.7914357223,2162803.4371069344,2363553.3570182933,1445199.9557522836,1886313.8734758347,1289898.202858013,2262452.106597511,1923884.8609990564,2306894.190416575
2026-03-19,2551865.3622152866,2114415.445311745,2306150.8114532204,1418482.2926083838,1858589.4919078075,1269326.307839286,2206464.5823109364,1886979.556673823,2253521.228720549
2026-03-20,2544305.366017877,2106781.603674891,2296488.383179469,1408252.291758865,1849126.9166766985,1274584.9329726656,2196868.6693558865,1878813.1657755475,2250556.114453818
2026-03-23,2490406.989279566,2057227.294526478,2247069.4087172337,1374581.8012471516,1790936.1613855269,1243698.0510971628,2147421.050077583,1832807.2310574464,2201630.9372697463
2026-03-24,2497087.5869685705,2059588.3659727096,2249678.0521497624,1378974.387445517,1788916.8064202492,1247470.783603834,2147437.6628889567,1826631.514173584,2206078.721781702
2026-03-25,2544114.4871169445,2100961.446556108,2291635.7730822177,1406140.8103779417,1837092.9693118,1285607.7254673324,2198859.710347087,1872944.960275677,2259451.4572540107
2026-03-26,2536169.43566575,2098912.396828726,2285177.5157999424,1410073.9347155448,1832545.588244343,1265551.103095521,2191117.17397211,1867260.5395944156,2247591.0001870873
2026-03-27,2514139.5103810527,2085697.7672845512,2268826.311249528,1403960.179186144,1828691.9024565148,1261751.3570717927,2173121.9591569216,1854656.401701104,2223869.6336058048
2026-03-30,2473463.2818867043,2054639.3303413764,2229461.932848728,1399219.4552748324,1823674.9633019704,1249613.008018264,2133035.437589372,1821362.03147862,2191252.92422433
2026-03-31,2434162.955103761,2017364.059199152,2191939.395625609,1371660.3663662642,1770307.8978572253,1216798.1846007109,2091574.991651616,,2145292.861306989
